2018-Dec-01 00:00:00,303.8003046,-50.4266982
2018-Dec-01 01:00:00,299.8353566,-50.1194536
2018-Dec-01 02:00:00,295.9317943,-49.6791594
2018-Dec-01 03:00:00,292.1083596,-49.1102301
2018-Dec-01 04:00:00,288.3808246,-48.4180963
2018-Dec-01 05:00:00,284.7616978,-47.6089769
2018-Dec-01 06:00:00,281.2601653,-46.6896448
2018-Dec-01 07:00:00,277.8822312,-45.6672044
2018-Dec-01 08:00:00,274.6310034,-44.5488928
2018-Dec-01 09:00:00,271.5070717,-43.3419123
2018-Dec-01 10:00:00,268.5089265,-42.0532973
2018-Dec-01 11:00:00,265.6333804,-40.6898152
2018-Dec-01 12:00:00,262.8759623,-39.2578970
2018-Dec-01 13:00:00,260.2312681,-37.7635954
2018-Dec-01 14:00:00,257.6932598,-36.2125631
2018-Dec-01 15:00:00,255.2555114,-34.6100480
2018-Dec-01 16:00:00,252.9114030,-32.9609015
2018-Dec-01 17:00:00,250.6542716,-31.2695937
2018-Dec-01 18:00:00,248.4775217,-29.5402361
2018-Dec-01 19:00:00,246.3747039,-27.7766068
2018-Dec-01 20:00:00,244.3395679,-25.9821772
2018-Dec-01 21:00:00,242.3660945,-24.1601400
2018-Dec-01 22:00:00,240.4485118,-22.3134359
2018-Dec-01 23:00:00,238.5812996,-20.4447804
2018-Dec-02 00:00:00,236.7591844,-18.5566880
2018-Dec-02 01:00:00,234.9771284,-16.6514964
2018-Dec-02 02:00:00,233.2303131,-14.7313881
2018-Dec-02 03:00:00,231.5141207,-12.7984110
2018-Dec-02 04:00:00,229.8241127,-10.8544977
2018-Dec-02 05:00:00,228.1560071, -8.9014835
2018-Dec-02 06:00:00,226.5056553, -6.9411229
2018-Dec-02 07:00:00,224.8690178, -4.9751058
2018-Dec-02 08:00:00,223.2421405, -3.0050726
2018-Dec-02 09:00:00,221.6211303, -1.0326284
2018-Dec-02 10:00:00,220.0021310,  0.9406423
2018-Dec-02 11:00:00,218.3812989,  2.9131626
2018-Dec-02 12:00:00,216.7547789,  4.8833489
2018-Dec-02 13:00:00,215.1186801,  6.8495971
2018-Dec-02 14:00:00,213.4690517,  8.8102688
2018-Dec-02 15:00:00,211.8018586, 10.7636767
2018-Dec-02 16:00:00,210.1129578, 12.7080695
2018-Dec-02 17:00:00,208.3980738, 14.6416161
2018-Dec-02 18:00:00,206.6527758, 16.5623886
2018-Dec-02 19:00:00,204.8724546, 18.4683449
2018-Dec-02 20:00:00,203.0523013, 20.3573088
2018-Dec-02 21:00:00,201.1872884, 22.2269505
2018-Dec-02 22:00:00,199.2721534, 24.0747637
2018-Dec-02 23:00:00,197.3013872, 25.8980429
2018-Dec-03 00:00:00,195.2692295, 27.6938582
2018-Dec-03 01:00:00,193.1696718, 29.4590288
2018-Dec-03 02:00:00,190.9964735, 31.1900966
2018-Dec-03 03:00:00,188.7431930, 32.8832982
2018-Dec-03 04:00:00,186.4032395, 34.5345378
2018-Dec-03 05:00:00,183.9699501, 36.1393619
2018-Dec-03 06:00:00,181.4366996, 37.6929370
2018-Dec-03 07:00:00,178.7970482, 39.1900333
2018-Dec-03 08:00:00,176.0449343, 40.6250163
2018-Dec-03 09:00:00,173.1749174, 41.9918510
2018-Dec-03 10:00:00,170.1824753, 43.2841225
2018-Dec-03 11:00:00,167.0643519, 44.4950772
2018-Dec-03 12:00:00,163.8189504, 45.6176902
2018-Dec-03 13:00:00,160.4467538, 46.6447637
2018-Dec-03 14:00:00,156.9507444, 47.5690579
2018-Dec-03 15:00:00,153.3367854, 48.3834573
2018-Dec-03 16:00:00,149.6139120, 49.0811682
2018-Dec-03 17:00:00,145.7944796, 49.6559401
2018-Dec-03 18:00:00,141.8941156, 50.1023003
2018-Dec-03 19:00:00,137.9314363, 50.4157820
2018-Dec-03 20:00:00,133.9275186, 50.5931290
2018-Dec-03 21:00:00,129.9051442, 50.6324536
2018-Dec-03 22:00:00,125.8878790, 50.5333327
2018-Dec-03 23:00:00,121.8990703, 50.2968295
2018-Dec-04 00:00:00,117.9608681, 49.9254389
2018-Dec-04 01:00:00,114.0933661, 49.4229631
2018-Dec-04 02:00:00,110.3139394, 48.7943304
2018-Dec-04 03:00:00,106.6368213, 48.0453787
2018-Dec-04 04:00:00,103.0729257, 47.1826213
2018-Dec-04 05:00:00, 99.6298889, 46.2130171
2018-Dec-04 06:00:00, 96.3122867, 45.1437578
2018-Dec-04 07:00:00, 93.1219712, 43.9820835
2018-Dec-04 08:00:00, 90.0584739, 42.7351313
2018-Dec-04 09:00:00, 87.1194306, 41.4098188
2018-Dec-04 10:00:00, 84.3009919, 40.0127601
2018-Dec-04 11:00:00, 81.5981990, 38.5502095
2018-Dec-04 12:00:00, 79.0053098, 37.0280303
2018-Dec-04 13:00:00, 76.5160724, 35.4516819
2018-Dec-04 14:00:00, 74.1239458, 33.8262211
2018-Dec-04 15:00:00, 71.8222729, 32.1563148
2018-Dec-04 16:00:00, 69.6044107, 30.4462589
2018-Dec-04 17:00:00, 67.4638248, 28.7000023
2018-Dec-04 18:00:00, 65.3941556, 26.9211730
2018-Dec-04 19:00:00, 63.3892599, 25.1131060
2018-Dec-04 20:00:00, 61.4432354, 23.2788702
2018-Dec-04 21:00:00, 59.5504305, 21.4212954
2018-Dec-04 22:00:00, 57.7054436, 19.5429982
2018-Dec-04 23:00:00, 55.9031157, 17.6464056
2018-Dec-05 00:00:00, 54.1385158, 15.7337785
2018-Dec-05 01:00:00, 52.4069239, 13.8072327
2018-Dec-05 02:00:00, 50.7038106, 11.8687587
2018-Dec-05 03:00:00, 49.0248150,  9.9202403
2018-Dec-05 04:00:00, 47.3657218,  7.9634722
2018-Dec-05 05:00:00, 45.7224375,  6.0001762
2018-Dec-05 06:00:00, 44.0909665,  4.0320165
2018-Dec-05 07:00:00, 42.4673869,  2.0606151
2018-Dec-05 08:00:00, 40.8478261,  0.0875654
2018-Dec-05 09:00:00, 39.2284369, -1.8855535
2018-Dec-05 10:00:00, 37.6053732, -3.8571632
2018-Dec-05 11:00:00, 35.9747657, -5.8256719
2018-Dec-05 12:00:00, 34.3326979, -7.7894610
2018-Dec-05 13:00:00, 32.6751817, -9.7468706
2018-Dec-05 14:00:00, 30.9981335,-11.6961847
2018-Dec-05 15:00:00, 29.2973497,-13.6356158
2018-Dec-05 16:00:00, 27.5684835,-15.5632888
2018-Dec-05 17:00:00, 25.8070216,-17.4772234
2018-Dec-05 18:00:00, 24.0082617,-19.3753160
2018-Dec-05 19:00:00, 22.1672928,-21.2553196
2018-Dec-05 20:00:00, 20.2789767,-23.1148229
2018-Dec-05 21:00:00, 18.3379343,-24.9512274
2018-Dec-05 22:00:00, 16.3385364,-26.7617234
2018-Dec-05 23:00:00, 14.2749030,-28.5432645
2018-Dec-06 00:00:00, 12.1409119,-30.2925409
2018-Dec-06 01:00:00,  9.9302217,-32.0059518
2018-Dec-06 02:00:00,  7.6363115,-33.6795785
2018-Dec-06 03:00:00,  5.2525450,-35.3091571
2018-Dec-06 04:00:00,  2.7722618,-36.8900551
2018-Dec-06 05:00:00,  0.1889045,-38.4172512
2018-Dec-06 06:00:00,357.4961877,-39.8853226
2018-Dec-06 07:00:00,354.6883138,-41.2884422
2018-Dec-06 08:00:00,351.7602418,-42.6203898
2018-Dec-06 09:00:00,348.7080092,-43.8745822
2018-Dec-06 10:00:00,345.5291030,-45.0441262
2018-Dec-06 11:00:00,342.2228686,-46.1219004
2018-Dec-06 12:00:00,338.7909341,-47.1006689
2018-Dec-06 13:00:00,335.2376170,-47.9732292
2018-Dec-06 14:00:00,331.5702693,-48.7325938
2018-Dec-06 15:00:00,327.7995070,-49.3722008
2018-Dec-06 16:00:00,323.9392704,-49.8861428
2018-Dec-06 17:00:00,320.0066667,-50.2694014
2018-Dec-06 18:00:00,316.0215694,-50.5180663
2018-Dec-06 19:00:00,312.0059763,-50.6295198
2018-Dec-06 20:00:00,307.9831653,-50.6025677
2018-Dec-06 21:00:00,303.9767226,-50.4375000
2018-Dec-06 22:00:00,300.0095383,-50.1360761
2018-Dec-06 23:00:00,296.1028740,-49.7014356
2018-Dec-07 00:00:00,292.2755904,-49.1379444
2018-Dec-07 01:00:00,288.5435964,-48.4509942
2018-Dec-07 02:00:00,284.9195443,-47.6467748
2018-Dec-07 03:00:00,281.4127625,-46.7320403
2018-Dec-07 04:00:00,278.0293873,-45.7138854
2018-Dec-07 05:00:00,274.7726443,-44.5995454
2018-Dec-07 06:00:00,271.6432229,-43.3962275
2018-Dec-07 07:00:00,268.6396953,-42.1109758
2018-Dec-07 08:00:00,265.7589375,-40.7505708
2018-Dec-07 09:00:00,262.9965259,-39.3214596
2018-Dec-07 10:00:00,260.3470896,-37.8297117
2018-Dec-07 11:00:00,257.8046124,-36.2809974
2018-Dec-07 12:00:00,255.3626799,-34.6805823
2018-Dec-07 13:00:00,253.0146771,-33.0333343
2018-Dec-07 14:00:00,250.7539400,-31.3437399
2018-Dec-07 15:00:00,248.5738679,-29.6159255
2018-Dec-07 16:00:00,246.4680038,-27.8536831
2018-Dec-07 17:00:00,244.4300877,-26.0604967
2018-Dec-07 18:00:00,242.4540899,-24.2395705
2018-Dec-07 19:00:00,240.5342275,-22.3938556
2018-Dec-07 20:00:00,238.6649693,-20.5260765
2018-Dec-07 21:00:00,236.8410313,-18.6387561
2018-Dec-07 22:00:00,235.0573657,-16.7342391
2018-Dec-07 23:00:00,233.3091448,-14.8147143
2018-Dec-08 00:00:00,231.5917427,-12.8822350
2018-Dec-08 01:00:00,229.9007134,-10.9387383
2018-Dec-08 02:00:00,228.2317685, -8.9860633
2018-Dec-08 03:00:00,226.5807543, -7.0259678
2018-Dec-08 04:00:00,224.9436269, -5.0601441
2018-Dec-08 05:00:00,223.3164292, -3.0902342
2018-Dec-08 06:00:00,221.6952658, -1.1178447
2018-Dec-08 07:00:00,220.0762793,  0.8554395
2018-Dec-08 08:00:00,218.4556261,  2.8280415
2018-Dec-08 09:00:00,216.8294520,  4.7983782
2018-Dec-08 10:00:00,215.1938682,  6.7648467
2018-Dec-08 11:00:00,213.5449268,  8.7258105
2018-Dec-08 12:00:00,211.8785970, 10.6795847
2018-Dec-08 13:00:00,210.1907408, 12.6244212
2018-Dec-08 14:00:00,208.4770890, 14.5584924
2018-Dec-08 15:00:00,206.7332179, 16.4798753
2018-Dec-08 16:00:00,204.9545263, 18.3865330
2018-Dec-08 17:00:00,203.1362143, 20.2762955
2018-Dec-08 18:00:00,201.2732642, 22.1468402
2018-Dec-08 19:00:00,199.3604238, 23.9956689
2018-Dec-08 20:00:00,197.3921947, 25.8200851
2018-Dec-08 21:00:00,195.3628273, 27.6171691
2018-Dec-08 22:00:00,193.2663233, 29.3837517
2018-Dec-08 23:00:00,191.0964517, 31.1163873
2018-Dec-09 00:00:00,188.8467782, 32.8113260
2018-Dec-09 01:00:00,186.5107168, 34.4644872
2018-Dec-09 02:00:00,184.0816056, 36.0714331
2018-Dec-09 03:00:00,181.5528145, 37.6273470
2018-Dec-09 04:00:00,178.9178918, 39.1270163
2018-Dec-09 05:00:00,176.1707544, 40.5648240
2018-Dec-09 06:00:00,173.3059290, 41.9347520
2018-Dec-09 07:00:00,170.3188462, 43.2304009
2018-Dec-09 08:00:00,167.2061872, 44.4450303
2018-Dec-09 09:00:00,163.9662745, 45.5716252
2018-Dec-09 10:00:00,160.5994921, 46.6029923
2018-Dec-09 11:00:00,157.1087059, 47.5318904
2018-Dec-09 12:00:00,153.4996477, 48.3511944
2018-Dec-09 13:00:00,149.7812118, 49.0540917
2018-Dec-09 14:00:00,145.9656098, 49.6343037
2018-Dec-09 15:00:00,142.0683324, 50.0863187
2018-Dec-09 16:00:00,138.1078772, 50.4056219
2018-Dec-09 17:00:00,134.1052296, 50.5889008
2018-Dec-09 18:00:00,130.0831173, 50.6342062
2018-Dec-09 19:00:00,126.0650939, 50.5410506
2018-Dec-09 20:00:00,122.0745384, 50.3104338
2018-Dec-09 21:00:00,118.1336723, 49.9447910
2018-Dec-09 22:00:00,114.2626945, 49.4478716
2018-Dec-09 23:00:00,110.4791088, 48.8245597
2018-Dec-10 00:00:00,106.7972902, 48.0806591
2018-Dec-10 01:00:00,103.2282966, 47.2226590
2018-Dec-10 02:00:00, 99.7799027, 46.2575040
2018-Dec-10 03:00:00, 96.4568098, 45.1923801
2018-Dec-10 04:00:00, 93.2609795, 44.0345287
2018-Dec-10 05:00:00, 90.1920345, 42.7910944
2018-Dec-10 06:00:00, 87.2476832, 41.4690066
2018-Dec-10 07:00:00, 84.4241319, 40.0748937
2018-Dec-10 08:00:00, 81.7164622, 38.6150268
2018-Dec-10 09:00:00, 79.1189593, 37.0952864
2018-Dec-10 10:00:00, 76.6253879, 35.5211494
2018-Dec-10 11:00:00, 74.2292155, 33.8976901
2018-Dec-10 12:00:00, 71.9237866, 32.2295918
2018-Dec-10 13:00:00, 69.7024549, 30.5211660
2018-Dec-10 14:00:00, 67.5586799, 28.7763761
2018-Dec-10 15:00:00, 65.4860929, 26.9988634
2018-Dec-10 16:00:00, 63.4785408, 25.1919749
2018-Dec-10 17:00:00, 61.5301102, 23.3587904
2018-Dec-10 18:00:00, 59.6351387, 21.5021498
2018-Dec-10 19:00:00, 57.7882139, 19.6246779
2018-Dec-10 20:00:00, 55.9841663, 17.7288098
2018-Dec-10 21:00:00, 54.2180555, 15.8168129
2018-Dec-10 22:00:00, 52.4851527, 13.8908088
2018-Dec-10 23:00:00, 50.7809206, 11.9527931
2018-Dec-11 00:00:00, 49.1009915, 10.0046538
2018-Dec-11 01:00:00, 47.4411442,  8.0481890
2018-Dec-11 02:00:00, 45.7972806,  6.0851233
2018-Dec-11 03:00:00, 44.1654011,  4.1171233
2018-Dec-11 04:00:00, 42.5415812,  2.1458121
2018-Dec-11 05:00:00, 40.9219467,  0.1727842
2018-Dec-11 06:00:00, 39.3026498, -1.8003809
2018-Dec-11 07:00:00, 37.6798447, -3.7721051
2018-Dec-11 08:00:00, 36.0496636, -5.7407976
2018-Dec-11 09:00:00, 34.4081927, -7.7048413
2018-Dec-11 10:00:00, 32.7514473, -9.6625783
2018-Dec-11 11:00:00, 31.0753484,-11.6122953
2018-Dec-11 12:00:00, 29.3756982,-13.5522084
2018-Dec-11 13:00:00, 27.6481563,-15.4804466
2018-Dec-11 14:00:00, 25.8882171,-17.3950346
2018-Dec-11 15:00:00, 24.0911870,-19.2938744
2018-Dec-11 16:00:00, 22.2521642,-21.1747257
2018-Dec-11 17:00:00, 20.3660205,-23.0351848
2018-Dec-11 18:00:00, 18.4273872,-24.8726617
2018-Dec-11 19:00:00, 16.4306461,-26.6843566
2018-Dec-11 20:00:00, 14.3699278,-28.4672336
2018-Dec-11 21:00:00, 12.2391200,-30.2179949
2018-Dec-11 22:00:00, 10.0318897,-31.9330529
2018-Dec-11 23:00:00,  7.7417225,-33.6085031
2018-Dec-12 00:00:00,  5.3619851,-35.2400971
2018-Dec-12 01:00:00,  2.8860155,-36.8232186
2018-Dec-12 02:00:00,  0.3072484,-38.3528634
2018-Dec-12 03:00:00,357.6193821,-39.8236261
2018-Dec-12 04:00:00,354.8165923,-41.2296969
2018-Dec-12 05:00:00,351.8937987,-42.5648719
2018-Dec-12 06:00:00,348.8469844,-43.8225824
2018-Dec-12 07:00:00,345.6735653,-44.9959471
2018-Dec-12 08:00:00,342.3727972,-46.0778520
2018-Dec-12 09:00:00,338.9462008,-47.0610632
2018-Dec-12 10:00:00,335.3979696,-47.9383728
2018-Dec-12 11:00:00,331.7353188,-48.7027796
2018-Dec-12 12:00:00,327.9687210,-49.3476984
2018-Dec-12 13:00:00,324.1119750,-49.8671884
2018-Dec-12 14:00:00,320.1820584,-50.2561879
2018-Dec-12 15:00:00,316.1987380,-50.5107343
2018-Dec-12 16:00:00,312.1839369,-50.6281509
2018-Dec-12 17:00:00,308.1608987,-50.6071800
2018-Dec-12 18:00:00,304.1532183,-50.4480474
2018-Dec-12 19:00:00,300.1838372,-50.1524504
2018-Dec-12 20:00:00,296.2741060,-49.7234720
2018-Dec-12 21:00:00,292.4430029,-49.1654292
2018-Dec-12 22:00:00,288.7065729,-48.4836742
2018-Dec-12 23:00:00,285.0776126,-47.6843676
2018-Dec-13 00:00:00,281.5655924,-46.7742441
2018-Dec-13 01:00:00,278.1767817,-45.7603883
2018-Dec-13 02:00:00,274.9145241,-44.6500336
2018-Dec-13 03:00:00,271.7796100,-43.4503914
2018-Dec-13 04:00:00,268.7706937,-42.1685156
2018-Dec-13 05:00:00,265.8847157,-40.8112000
2018-Dec-13 06:00:00,263.1173002,-39.3849071
2018-Dec-13 07:00:00,260.4631104,-37.8957235
2018-Dec-13 08:00:00,257.9161519,-36.3493370
2018-Dec-13 09:00:00,255.4700228,-34.7510308
2018-Dec-13 10:00:00,253.1181130,-33.1056898
2018-Dec-13 11:00:00,250.8537577,-31.4178165
2018-Dec-13 12:00:00,248.6703513,-29.6915523
2018-Dec-13 13:00:00,246.5614291,-27.9307032
2018-Dec-13 14:00:00,244.5207217,-26.1387660
2018-Dec-13 15:00:00,242.5421886,-24.3189563
2018-Dec-13 16:00:00,240.6200360,-22.4742356
2018-Dec-13 17:00:00,238.7487220,-20.6073377
2018-Dec-13 18:00:00,236.9229517,-18.7207936
2018-Dec-13 19:00:00,235.1376675,-16.8169553
2018-Dec-13 20:00:00,233.3880325,-14.8980178
2018-Dec-13 21:00:00,231.6694122,-12.9660398
2018-Dec-13 22:00:00,229.9773535,-11.0229632
2018-Dec-13 23:00:00,228.3075617, -9.0706308
2018-Dec-14 00:00:00,226.6558775, -7.1108035
2018-Dec-14 01:00:00,225.0182529, -5.1451761
2018-Dec-14 02:00:00,223.3907274, -3.1753927
2018-Dec-14 03:00:00,221.7694036, -1.2030608
2018-Dec-14 04:00:00,220.1504228,  0.7702340
2018-Dec-14 05:00:00,218.5299413,  2.7429147
2018-Dec-14 06:00:00,216.9041058,  4.7133988
2018-Dec-14 07:00:00,215.2690296,  6.6800846
2018-Dec-14 08:00:00,213.6207677,  8.6413374
2018-Dec-14 09:00:00,211.9552935, 10.5954746
2018-Dec-14 10:00:00,210.2684741, 12.5407512
2018-Dec-14 11:00:00,208.5560462, 14.4753435
2018-Dec-14 12:00:00,206.8135933, 16.3973330
2018-Dec-14 13:00:00,205.0365224, 18.3046880
2018-Dec-14 14:00:00,203.2200424, 20.1952448
2018-Dec-14 15:00:00,201.3591454, 22.0666878
2018-Dec-14 16:00:00,199.4485893, 23.9165268
2018-Dec-14 17:00:00,197.4828866, 25.7420745
2018-Dec-14 18:00:00,195.4562983, 27.5404214
2018-Dec-14 19:00:00,193.3628367, 29.3084096
2018-Dec-14 20:00:00,191.1962797, 31.0426058
2018-Dec-14 21:00:00,188.9502010, 32.7392742
2018-Dec-14 22:00:00,186.6180195, 34.3943485
2018-Dec-14 23:00:00,184.1930743, 36.0034072
2018-Dec-15 00:00:00,181.6687308, 37.5616502
2018-Dec-15 01:00:00,179.0385257, 39.0638820
2018-Dec-15 02:00:00,176.2963548, 40.5045032
2018-Dec-15 03:00:00,173.4367126, 41.8775125
2018-Dec-15 04:00:00,170.4549833, 43.1765263
2018-Dec-15 05:00:00,167.3477858, 44.3948174
2018-Dec-15 06:00:00,164.1133630, 45.5253807
2018-Dec-15 07:00:00,160.7520005, 46.5610281
2018-Dec-15 08:00:00,157.2664486, 47.4945168
2018-Dec-15 09:00:00,153.6623083, 48.3187127
2018-Dec-15 10:00:00,149.9483330, 49.0267850
2018-Dec-15 11:00:00,146.1365907, 49.6124269
2018-Dec-15 12:00:00,142.2424349, 50.0700884
2018-Dec-15 13:00:00,138.2842432, 50.3952071
2018-Dec-15 14:00:00,134.2829085, 50.5844146
2018-Dec-15 15:00:00,130.2611024, 50.6357001
2018-Dec-15 16:00:00,126.2423646, 50.5485120
2018-Dec-15 17:00:00,122.2501036, 50.3237863
2018-Dec-15 18:00:00,118.3066112, 49.9638986
2018-Dec-15 19:00:00,114.4321900, 49.4725448
2018-Dec-15 20:00:00,110.6444718, 48.8545649
2018-Dec-15 21:00:00,106.9579728, 48.1157276
2018-Dec-15 22:00:00,103.3838953, 47.2624980
2018-Dec-15 23:00:00, 99.9301524, 46.3018058
2018-Dec-16 00:00:00, 96.6015721, 45.2408308
2018-Dec-16 01:00:00, 93.4002259, 44.0868158
2018-Dec-16 02:00:00, 90.3258284, 42.8469125
2018-Dec-16 03:00:00, 87.3761616, 41.5280617
2018-Dec-16 04:00:00, 84.5474883, 40.1369064
2018-Dec-16 05:00:00, 81.8349307, 38.6797341
2018-Dec-16 06:00:00, 79.2328022, 37.1624427
2018-Dec-16 07:00:00, 76.7348846, 35.5905267
2018-Dec-16 08:00:00, 74.3346537, 33.9690776
2018-Dec-16 09:00:00, 72.0254561, 32.3027953
2018-Dec-16 10:00:00, 69.8006428, 30.5960070
2018-Dec-16 11:00:00, 67.6536665, 28.8526904
2018-Dec-16 12:00:00, 65.5781502, 27.0765005
2018-Dec-16 13:00:00, 63.5679305, 25.2707962
2018-Dec-16 14:00:00, 61.6170833, 23.4386685
2018-Dec-16 15:00:00, 59.7199350, 21.5829667
2018-Dec-16 16:00:00, 57.8710625, 19.7063248
2018-Dec-16 17:00:00, 56.0652861, 17.8111854
2018-Dec-16 18:00:00, 54.2976555, 15.8998226
2018-Dec-16 19:00:00, 52.5634333, 13.9743640
2018-Dec-16 20:00:00, 50.8580742, 12.0368101
2018-Dec-16 21:00:00, 49.1772038, 10.0890531
2018-Dec-16 22:00:00, 47.5165948,  8.1328949
2018-Dec-16 23:00:00, 45.8721443,  6.1700627
2018-Dec-17 00:00:00, 44.2398490,  4.2022252
2018-Dec-17 01:00:00, 42.6157816,  2.2310073
2018-Dec-17 02:00:00, 40.9960662,  0.2580043
2018-Dec-17 03:00:00, 39.3768543, -1.7152041
2018-Dec-17 04:00:00, 37.7543006, -3.6870399
2018-Dec-17 05:00:00, 36.1245388, -5.6559132
2018-Dec-17 06:00:00, 34.4836573, -7.6202083
2018-Dec-17 07:00:00, 32.8276751, -9.5782695
2018-Dec-17 08:00:00, 31.1525177,-11.5283861
2018-Dec-17 09:00:00, 29.4539929,-13.4687777
2018-Dec-17 10:00:00, 27.7277670,-15.3975774
2018-Dec-17 11:00:00, 25.9693419,-17.3128148
2018-Dec-17 12:00:00, 24.1740324,-19.2123976
2018-Dec-17 13:00:00, 22.3369460,-21.0940921
2018-Dec-17 14:00:00, 20.4529647,-22.9555021
2018-Dec-17 15:00:00, 18.5167302,-24.7940463
2018-Dec-17 16:00:00, 16.5226351,-26.6069342
2018-Dec-17 17:00:00, 14.4648205,-28.3911410
2018-Dec-17 18:00:00, 12.3371842,-30.1433805
2018-Dec-17 19:00:00, 10.1334017,-31.8600784
2018-Dec-17 20:00:00,  7.8469653,-33.5373441
2018-Dec-17 21:00:00,  5.4712447,-35.1709448
2018-Dec-17 22:00:00,  2.9995766,-36.7562805
2018-Dec-17 23:00:00,  0.4253882,-38.2883639
2018-Dec-18 00:00:00,357.7423617,-39.7618071
2018-Dec-18 01:00:00,354.9446468,-41.1708175
2018-Dec-18 02:00:00,352.0271244,-42.5092075
2018-Dec-18 03:00:00,348.9857239,-43.7704234
2018-Dec-18 04:00:00,345.8177908,-44.9475955
2018-Dec-18 05:00:00,342.5224923,-46.0336178
2018-Dec-18 06:00:00,339.1012422,-47.0212582
2018-Dec-18 07:00:00,335.5581108,-47.9033041
2018-Dec-18 08:00:00,331.9001768,-48.6727410
2018-Dec-18 09:00:00,328.1377697,-49.3229607
2018-Dec-18 10:00:00,324.2845464,-49.8479895
2018-Dec-18 11:00:00,320.3573542,-50.2427227
2018-Dec-18 12:00:00,316.3758518,-50.5031458
2018-Dec-18 13:00:00,312.3618865,-50.6265233
2018-Dec-18 14:00:00,308.3386652,-50.6115343
2018-Dec-18 15:00:00,304.3297899,-50.4583401
2018-Dec-18 16:00:00,300.3582519,-50.1685761
2018-Dec-18 17:00:00,296.4454889,-49.7452681
2018-Dec-18 18:00:00,292.6105959,-49.1926839
2018-Dec-18 19:00:00,288.8697534,-48.5161359
2018-Dec-18 20:00:00,285.2359020,-47.7217548
2018-Dec-18 21:00:00,281.7186547,-46.8162557
2018-Dec-18 22:00:00,278.3244142,-45.8067127
2018-Dec-18 23:00:00,275.0566431,-44.7003567
2018-Dec-19 00:00:00,271.9162333,-43.5044036
2018-Dec-19 01:00:00,268.9019222,-42.2259164
2018-Dec-19 02:00:00,266.0107153,-40.8717021
2018-Dec-19 03:00:00,263.2382857,-39.4482389
2018-Dec-19 04:00:00,260.5793309,-37.9616302
2018-Dec-19 05:00:00,258.0278790,-36.4175815
2018-Dec-19 06:00:00,255.5775408,-34.8213933
2018-Dec-19 07:00:00,253.2217114,-33.1779676
2018-Dec-19 08:00:00,250.9537253,-31.4918230
2018-Dec-19 09:00:00,248.7669725,-29.7671162
2018-Dec-19 10:00:00,246.6549804,-28.0076670
2018-Dec-19 11:00:00,244.6114702,-26.2169849
2018-Dec-19 12:00:00,242.6303910,-24.3982971
2018-Dec-19 13:00:00,240.7059380,-22.5545758
2018-Dec-19 14:00:00,238.8325581,-20.6885637
2018-Dec-19 15:00:00,237.0049461,-18.8028003
2018-Dec-19 16:00:00,235.2180342,-16.8996448
2018-Dec-19 17:00:00,233.4669763,-14.9812984
2018-Dec-19 18:00:00,231.7471297,-13.0498254
2018-Dec-19 19:00:00,230.0540336,-11.1071723
2018-Dec-19 20:00:00,228.3833870, -9.1551857
2018-Dec-19 21:00:00,226.7310253, -7.1956298
2018-Dec-19 22:00:00,225.0928961, -5.2302019
2018-Dec-19 23:00:00,223.4650356, -3.2605478
2018-Dec-20 00:00:00,221.8435440, -1.2882765
2018-Dec-20 01:00:00,220.2245617,  0.6850259
2018-Dec-20 02:00:00,218.6042447,  2.6577824
2018-Dec-20 03:00:00,216.9787407,  4.6284109
2018-Dec-20 04:00:00,215.3441647,  6.5953109
2018-Dec-20 05:00:00,213.6965749,  8.5568494
2018-Dec-20 06:00:00,212.0319486, 10.5113464
2018-Dec-20 07:00:00,210.3461578, 12.4570597
2018-Dec-20 08:00:00,208.6349457, 14.3921696
2018-Dec-20 09:00:00,206.8939025, 16.3147618
2018-Dec-20 10:00:00,205.1184433, 18.2228100
2018-Dec-20 11:00:00,203.3037861, 20.1141568
2018-Dec-20 12:00:00,201.4449323, 21.9864934
2018-Dec-20 13:00:00,199.5366504, 23.8373377
2018-Dec-20 14:00:00,197.5734635, 25.6640116
2018-Dec-20 15:00:00,195.5496432, 27.4636154
2018-Dec-20 16:00:00,193.4592123, 29.2330026
2018-Dec-20 17:00:00,191.2959581, 30.9687526
2018-Dec-20 18:00:00,189.0534621, 32.6671429
2018-Dec-20 19:00:00,186.7251482, 34.3241222
2018-Dec-20 20:00:00,184.3043566, 35.9352847
2018-Dec-20 21:00:00,181.7844489, 37.4958470
2018-Dec-20 22:00:00,179.1589501, 39.0006310
2018-Dec-20 23:00:00,176.4217358, 40.4440544
2018-Dec-21 00:00:00,173.5672684, 41.8201332
2018-Dec-21 01:00:00,170.5908866, 43.1224992
2018-Dec-21 02:00:00,167.4891477, 44.3444390
2018-Dec-21 03:00:00,164.2602156, 45.4789574
2018-Dec-21 04:00:00,160.9042786, 46.5188716
2018-Dec-21 05:00:00,157.4239719, 47.4569377
2018-Dec-21 06:00:00,153.8247663, 48.2860129
2018-Dec-21 07:00:00,150.1152745, 48.9992485
2018-Dec-21 08:00:00,146.3074210, 49.5903101
2018-Dec-21 09:00:00,142.4164216, 50.0536098
2018-Dec-21 10:00:00,138.4605326, 50.3845379
2018-Dec-21 11:00:00,134.4605534, 50.5796705
2018-Dec-21 12:00:00,130.4390977, 50.6369353
2018-Dec-21 13:00:00,126.4196892, 50.5557167
2018-Dec-21 14:00:00,122.4257642, 50.3368868
2018-Dec-21 15:00:00,118.4796832, 49.9827613
2018-Dec-21 16:00:00,114.6018513, 49.4969825
2018-Dec-21 17:00:00,110.8100273, 48.8843455
2018-Dec-21 18:00:00,107.1188684, 48.1505839
2018-Dec-21 19:00:00,103.5397213, 47.3021378
2018-Dec-21 20:00:00,100.0806380, 46.3459218
2018-Dec-21 21:00:00, 96.7465736, 45.2891094
2018-Dec-21 22:00:00, 93.5397104, 44.1389442
2018-Dec-21 23:00:00, 90.4598559, 42.9025849
2018-Dec-22 00:00:00, 87.5048663, 41.5869835
2018-Dec-22 01:00:00, 84.6710613, 40.1987976
2018-Dec-22 02:00:00, 81.9536051, 38.7443309
2018-Dec-22 03:00:00, 79.3468391, 37.2294988
2018-Dec-22 04:00:00, 76.8445627, 35.6598132
2018-Dec-22 05:00:00, 74.4402608, 34.0403831
2018-Dec-22 06:00:00, 72.1272821, 32.3759249
2018-Dec-22 07:00:00, 69.8989746, 30.6707814
2018-Dec-22 08:00:00, 67.7487852, 28.9289451
2018-Dec-22 09:00:00, 65.6703280, 27.1540842
2018-Dec-22 10:00:00, 63.6574296, 25.3495699
2018-Dec-22 11:00:00, 61.7041551, 23.5185041
2018-Dec-22 12:00:00, 59.8048199, 21.6637462
2018-Dec-22 13:00:00, 57.9539901, 19.7879388
2018-Dec-22 14:00:00, 56.1464754, 17.8935322
2018-Dec-22 15:00:00, 54.3773163, 15.9828075
2018-Dec-22 16:00:00, 52.6417661, 14.0578981
2018-Dec-22 17:00:00, 50.9352720, 12.1208095
2018-Dec-22 18:00:00, 49.2534522, 10.1734383
2018-Dec-22 19:00:00, 47.5920739,  8.2175898
2018-Dec-22 20:00:00, 45.9470290,  6.2549942
2018-Dec-22 21:00:00, 44.3143106,  4.2873223
2018-Dec-22 22:00:00, 42.6899885,  2.3162006
2018-Dec-22 23:00:00, 41.0701850,  0.3432253
2018-Dec-23 00:00:00, 39.4510510, -1.6300234
2018-Dec-23 01:00:00, 37.8287415, -3.6019678
2018-Dec-23 02:00:00, 36.1993915, -5.5710188
2018-Dec-23 03:00:00, 34.5590920, -7.5355623
2018-Dec-23 04:00:00, 32.9038654, -9.4939443
2018-Dec-23 05:00:00, 31.2296417,-11.4444573
2018-Dec-23 06:00:00, 29.5322343,-13.3853239
2018-Dec-23 07:00:00, 27.8073160,-15.3146814
2018-Dec-23 08:00:00, 26.0503961,-17.2305642
2018-Dec-23 09:00:00, 24.2567981,-19.1308858
2018-Dec-23 10:00:00, 22.4216387,-21.0134190
2018-Dec-23 11:00:00, 20.5398099,-22.8757752
2018-Dec-23 12:00:00, 18.6059638,-24.7153814
2018-Dec-23 13:00:00, 16.6145038,-26.5294567
2018-Dec-23 14:00:00, 14.5595816,-28.3149870
2018-Dec-23 15:00:00, 12.4351050,-30.0686981
2018-Dec-23 16:00:00, 10.2347584,-31.7870284
2018-Dec-23 17:00:00,  7.9520404,-33.4661019
2018-Dec-23 18:00:00,  5.5803244,-35.1017007
2018-Dec-23 19:00:00,  3.1129458,-36.6892412
2018-Dec-23 20:00:00,  0.5433243,-38.2237532
2018-Dec-23 21:00:00,357.8651270,-39.6998660
2018-Dec-23 22:00:00,355.0724777,-41.1118044
2018-Dec-23 23:00:00,352.1602192,-42.4533974
2018-Dec-24 00:00:00,349.1242279,-43.7181058
2018-Dec-24 01:00:00,345.9617795,-44.8990721
2018-Dec-24 02:00:00,342.6719536,-45.9891982
2018-Dec-24 03:00:00,339.2560579,-46.9812545
2018-Dec-24 04:00:00,335.7180398,-47.8680238
2018-Dec-24 05:00:00,332.0648424,-48.6424786
2018-Dec-24 06:00:00,328.3066519,-49.2979881
2018-Dec-24 07:00:00,324.4569831,-49.8285463
2018-Dec-24 08:00:00,320.5325525,-50.2290058
2018-Dec-24 09:00:00,316.5529092,-50.4953008
2018-Dec-24 10:00:00,312.5398231,-50.6246370
2018-Dec-24 11:00:00,308.5164629,-50.6156305
2018-Dec-24 12:00:00,304.5064357,-50.4683781
2018-Dec-24 13:00:00,300.5327807,-50.1844530
2018-Dec-24 14:00:00,296.6170213,-49.7668236
2018-Dec-24 15:00:00,292.7783682,-49.2197081
2018-Dec-24 16:00:00,289.0331370,-48.5483787
2018-Dec-24 17:00:00,285.3944120,-47.7589359
2018-Dec-24 18:00:00,281.8719490,-46.8580745
2018-Dec-24 19:00:00,278.4722846,-45.8528579
2018-Dec-24 20:00:00,275.1990012,-44.7505142
2018-Dec-24 21:00:00,272.0530929,-43.5582633
2018-Dec-24 22:00:00,269.0333810,-42.2831775
2018-Dec-24 23:00:00,266.1369368,-40.9320768
2018-Dec-25 00:00:00,263.3594829,-39.5114545
2018-Dec-25 01:00:00,260.6957517,-38.0274314
2018-Dec-25 02:00:00,258.1397942,-36.4857304
2018-Dec-25 03:00:00,255.6852343,-34.8916694
2018-Dec-25 04:00:00,253.3254726,-33.2501674
2018-Dec-25 05:00:00,251.0538434,-31.5657593
2018-Dec-25 06:00:00,248.8637319,-29.8426170
2018-Dec-25 07:00:00,246.7486582,-28.0845740
2018-Dec-25 08:00:00,244.7023338,-26.2951531
2018-Dec-25 09:00:00,242.7186976,-24.4775929
2018-Dec-25 10:00:00,240.7919337,-22.6348759
2018-Dec-25 11:00:00,238.9164780,-20.7697544
2018-Dec-25 12:00:00,237.0870148,-18.8847761
2018-Dec-25 13:00:00,235.2984662,-16.9823074
2018-Dec-25 14:00:00,233.5459767,-15.0645560
2018-Dec-25 15:00:00,231.8248953,-13.1335916
2018-Dec-25 16:00:00,230.1307538,-11.1913654
2018-Dec-25 17:00:00,228.4592447, -9.2397279
2018-Dec-25 18:00:00,226.8061979, -7.2804466
2018-Dec-25 19:00:00,225.1675567, -5.3152212
2018-Dec-25 20:00:00,223.5393538, -3.3456995
2018-Dec-25 21:00:00,221.9176874, -1.3734917
2018-Dec-25 22:00:00,220.2986965,  0.5998154
2018-Dec-25 23:00:00,218.6785368,  2.5726446
2018-Dec-26 00:00:00,217.0533569,  4.5434145
2018-Dec-26 01:00:00,215.4192738,  6.5105257
2018-Dec-26 02:00:00,213.7723485,  8.4723469
2018-Dec-26 03:00:00,212.1085624, 10.4272003
2018-Dec-26 04:00:00,210.4237925, 12.3733470
2018-Dec-26 05:00:00,208.7137878, 14.3089708
2018-Dec-26 06:00:00,206.9741458, 16.2321619
2018-Dec-26 07:00:00,205.2002895, 18.1408994
2018-Dec-26 08:00:00,203.3874456, 20.0330317
2018-Dec-26 09:00:00,201.5306254, 21.9062573
2018-Dec-26 10:00:00,199.6246076, 23.7581019
2018-Dec-26 11:00:00,197.6639258, 25.5858964
2018-Dec-26 12:00:00,195.6428624, 27.3867512
2018-Dec-26 13:00:00,193.5554507, 29.1575312
2018-Dec-26 14:00:00,191.3954874, 30.8948279
2018-Dec-26 15:00:00,189.1565620, 32.5949325
2018-Dec-26 16:00:00,186.8321033, 34.2538086
2018-Dec-26 17:00:00,184.4154533, 35.8670659
2018-Dec-26 18:00:00,181.8999693, 37.4299379
2018-Dec-26 19:00:00,179.2791657, 38.9372635
2018-Dec-26 20:00:00,176.5468978, 40.3834781
2018-Dec-26 21:00:00,173.6975968, 41.7626144
2018-Dec-26 22:00:00,170.7265563, 43.0683202
2018-Dec-26 23:00:00,167.6302730, 44.2938957
2018-Dec-27 00:00:00,164.4068323, 45.4323558
2018-Dec-27 01:00:00,161.0563260, 46.4765233
2018-Dec-27 02:00:00,157.5812751, 47.4191536
2018-Dec-27 03:00:00,153.9870207, 48.2530954
2018-Dec-27 04:00:00,150.2820352, 48.9714827
2018-Dec-27 05:00:00,146.4780993, 49.5679536
2018-Dec-27 06:00:00,142.5902907, 50.0368832
2018-Dec-27 07:00:00,138.6367437, 50.3736145
2018-Dec-27 08:00:00,134.6381624, 50.5746684
2018-Dec-27 09:00:00,130.6171012, 50.6379117
2018-Dec-27 10:00:00,126.5970659, 50.5626644
2018-Dec-27 11:00:00,122.6015187, 50.3497350
2018-Dec-27 12:00:00,118.6528869, 50.0013788
2018-Dec-27 13:00:00,114.7716771, 49.5211842
2018-Dec-27 14:00:00,110.9757743, 48.9139009
2018-Dec-27 15:00:00,107.2799762, 48.1852272
2018-Dec-27 16:00:00,103.6957740, 47.3415777
2018-Dec-27 17:00:00,100.2313590, 46.3898516
2018-Dec-27 18:00:00, 96.8918141, 45.3372153
2018-Dec-27 19:00:00, 93.6794332, 44.1909134
2018-Dec-27 20:00:00, 90.5941172, 42.9581110
2018-Dec-27 21:00:00, 87.6337975, 41.6457716
2018-Dec-27 22:00:00, 84.7948516, 40.2605669
2018-Dec-27 23:00:00, 82.0724858, 38.8088168
2018-Dec-28 00:00:00, 79.4610705, 37.2964542
2018-Dec-28 01:00:00, 76.9544231, 35.7290086
2018-Dec-28 02:00:00, 74.5460375, 34.1116062
2018-Dec-28 03:00:00, 72.2292650, 32.4489802
2018-Dec-28 04:00:00, 69.9974511, 30.7454890
2018-Dec-28 05:00:00, 67.8440365, 29.0051398
2018-Dec-28 06:00:00, 65.7626268, 27.2316141
2018-Dec-28 07:00:00, 63.7470385, 25.4282956
2018-Dec-28 08:00:00, 61.7913261, 23.5982971
2018-Dec-28 09:00:00, 59.8897937, 21.7444879
2018-Dec-28 10:00:00, 58.0369968, 19.8695195
2018-Dec-28 11:00:00, 56.2277348, 17.9758500
2018-Dec-28 12:00:00, 54.4570381, 16.0657674
2018-Dec-28 13:00:00, 52.7201515, 14.1414109
2018-Dec-28 14:00:00, 51.0125140, 12.2047911
2018-Dec-28 15:00:00, 49.3297371, 10.2578091
2018-Dec-28 16:00:00, 47.6675817,  8.3022736
2018-Dec-28 17:00:00, 46.0219350,  6.3399176
2018-Dec-28 18:00:00, 44.3887862,  4.3724144
2018-Dec-28 19:00:00, 42.7642021,  2.4013919
2018-Dec-28 20:00:00, 41.1443033,  0.4284474
2018-Dec-28 21:00:00, 39.5252400, -1.5448387
2018-Dec-28 22:00:00, 37.9031674, -3.5168888
2018-Dec-28 23:00:00, 36.2742220, -5.4861146
2018-Dec-29 00:00:00, 34.6344971, -7.4509032
2018-Dec-29 01:00:00, 32.9800185, -9.4096031
2018-Dec-29 02:00:00, 31.3067207,-11.3605090
2018-Dec-29 03:00:00, 29.6104226,-13.3018470
2018-Dec-29 04:00:00, 27.8868036,-15.2317586
2018-Dec-29 05:00:00, 26.1313803,-17.1482830
2018-Dec-29 06:00:00, 24.3394848,-19.0493392
2018-Dec-29 07:00:00, 22.5062428,-20.9327067
2018-Dec-29 08:00:00, 20.6265564,-22.7960041
2018-Dec-29 09:00:00, 18.6950884,-24.6366671
2018-Dec-29 10:00:00, 16.7062526,-26.4519243
2018-Dec-29 11:00:00, 14.6542116,-28.2387720
2018-Dec-29 12:00:00, 12.5328830,-29.9939479
2018-Dec-29 13:00:00, 10.3359602,-31.7139035
2018-Dec-29 14:00:00,  8.0569485,-33.3947767
2018-Dec-29 15:00:00,  5.6892247,-35.0323651
2018-Dec-29 16:00:00,  3.2261234,-36.6221011
2018-Dec-29 17:00:00,  0.6610573,-38.1590316
2018-Dec-29 18:00:00,357.9876784,-39.6378034
2018-Dec-29 19:00:00,355.2000853,-41.0526582
2018-Dec-29 20:00:00,352.2930833,-42.3974419
2018-Dec-29 21:00:00,349.2624964,-43.6656301
2018-Dec-29 22:00:00,346.1055314,-44.8503775
2018-Dec-29 23:00:00,342.8211808,-45.9445939
2018-Dec-30 00:00:00,339.4106472,-46.9410527
2018-Dec-30 01:00:00,335.8777560,-47.8325324
2018-Dec-30 02:00:00,332.2293145,-48.6119927
2018-Dec-30 03:00:00,328.4753663,-49.2727811
2018-Dec-30 04:00:00,324.6292837,-49.8088592
2018-Dec-30 05:00:00,320.7076514,-50.2150378
2018-Dec-30 06:00:00,316.7299082,-50.4871995
2018-Dec-30 07:00:00,312.7177448,-50.6224921
2018-Dec-30 08:00:00,308.6942900,-50.6194684
2018-Dec-30 09:00:00,304.6831539,-50.4781611
2018-Dec-30 10:00:00,300.7074219,-50.2000806
2018-Dec-30 11:00:00,296.7887017,-49.7881379
2018-Dec-30 12:00:00,292.9463187,-49.2465013
2018-Dec-30 13:00:00,289.1967228,-48.5804021
2018-Dec-30 14:00:00,285.5531419,-47.7959102
2018-Dec-30 15:00:00,282.0254750,-46.8996999
2018-Dec-30 16:00:00,278.6203929,-45.8988232
2018-Dec-30 17:00:00,275.3415985,-44.8005055
2018-Dec-30 18:00:00,272.1901891,-43.6119701
2018-Dec-30 19:00:00,269.1650704,-42.3402985
2018-Dec-30 20:00:00,266.2633806,-40.9923234
2018-Dec-30 21:00:00,263.4808922,-39.5745536
2018-Dec-30 22:00:00,260.8123732,-38.0931268
2018-Dec-30 23:00:00,258.2518979,-36.5537832
2018-Dec-31 00:00:00,255.7931039,-34.9618586
2018-Dec-31 01:00:00,253.4293974,-33.3222888
2018-Dec-31 02:00:00,251.1541126,-31.6396250
2018-Dec-31 03:00:00,248.9606302,-29.9180542
2018-Dec-31 04:00:00,246.8424629,-28.1614242
2018-Dec-31 05:00:00,244.7933130,-26.3732704
2018-Dec-31 06:00:00,242.8071088,-24.5568432
2018-Dec-31 07:00:00,240.8780236,-22.7151357
2018-Dec-31 08:00:00,239.0004822,-20.8509096
2018-Dec-31 09:00:00,237.1691583,-18.9667208
2018-Dec-31 10:00:00,235.3789638,-17.0649430
2018-Dec-31 11:00:00,233.6250341,-15.1477905
2018-Dec-31 12:00:00,231.9027096,-13.2173383
2018-Dec-31 13:00:00,230.2075146,-11.2755424
2018-Dec-31 14:00:00,228.5351352, -9.3242574
2018-Dec-31 15:00:00,226.8813957, -7.3652537
2018-Dec-31 16:00:00,225.2422350, -5.4002339
2018-Dec-31 17:00:00,223.6136826, -3.4308477
2018-Dec-31 18:00:00,221.9918342, -1.4587063
2018-Dec-31 19:00:00,220.3728273,  0.5146025
2018-Dec-31 20:00:00,218.7528178,  2.4875015
2018-Dec-31 21:00:00,217.1279548,  4.4584099
2018-Dec-31 22:00:00,215.4943572,  6.4257292
2018-Dec-31 23:00:00,213.8480890,  8.3878299
2019-Jan-01 00:00:00,212.1851353, 10.3430365
