2032-May-01 00:00:00,138.9431175, 23.3430154
2032-May-01 01:00:00,192.6068206, 26.4263358
2032-May-01 02:00:00,241.1309116, 11.4002175
2032-May-01 03:00:00,283.1827232, -9.9362167
2032-May-01 04:00:00,328.9131481,-25.4968058
2032-May-01 05:00:00, 19.8151322,-25.2527695
2032-May-01 06:00:00, 65.5575466, -9.2902263
2032-May-01 07:00:00,107.9555868, 12.1778551
2032-May-01 08:00:00,157.0732501, 26.7190271
2032-May-01 09:00:00,210.5578366, 22.7984742
2032-May-01 10:00:00,255.9188705,  4.0677848
2032-May-01 11:00:00,298.1611462,-16.5558300
2032-May-01 12:00:00,346.4521612,-27.5260769
2032-May-01 13:00:00, 36.5260488,-21.0705037
2032-May-01 14:00:00, 80.0951223, -1.8895542
2032-May-01 15:00:00,123.8175513, 18.7037315
2032-May-01 16:00:00,175.9173200, 27.6978895
2032-May-01 17:00:00,227.2650195, 17.3263438
2032-May-01 18:00:00,270.3125470, -3.4657413
2032-May-01 19:00:00,314.0069095,-22.0133252
2032-May-01 20:00:00,  4.2816140,-27.3122104
2032-May-01 21:00:00, 52.2604964,-15.3203622
2032-May-01 22:00:00, 94.6266280,  5.6921799
2032-May-01 23:00:00,140.8897883, 23.8265366
2032-May-02 00:00:00,194.6431432, 26.1335252
2032-May-02 01:00:00,242.8040307, 10.6076851
2032-May-02 02:00:00,284.8164708,-10.7234579
2032-May-02 03:00:00,330.8399875,-25.8340226
2032-May-02 04:00:00, 21.7290290,-24.8769184
2032-May-02 05:00:00, 67.1889360, -8.4852920
2032-May-02 06:00:00,109.6579860, 12.9577329
2032-May-02 07:00:00,159.1327430, 26.9551967
2032-May-02 08:00:00,212.4682188, 22.2717988
2032-May-02 09:00:00,257.5249232,  3.2260648
2032-May-02 10:00:00,299.8798438,-17.2383385
2032-May-02 11:00:00,348.4452103,-27.6190869
2032-May-02 12:00:00, 38.3300052,-20.4950343
2032-May-02 13:00:00, 81.6970695, -1.0413836
2032-May-02 14:00:00,125.6392224, 19.3564350
2032-May-02 15:00:00,178.0066972, 27.6509380
2032-May-02 16:00:00,229.0378901, 16.6286256
2032-May-02 17:00:00,271.9110990, -4.3031970
2032-May-02 18:00:00,315.8398812,-22.5361845
2032-May-02 19:00:00,  6.2637072,-27.1482107
2032-May-02 20:00:00, 53.9564867,-14.5996536
2032-May-02 21:00:00, 96.2562330,  6.5291470
2032-May-02 22:00:00,142.8519030, 24.2855786
2032-May-02 23:00:00,196.6683579, 25.8121335
2032-May-03 00:00:00,244.4669142,  9.8069089
2032-May-03 01:00:00,286.4572643,-11.5015848
2032-May-03 02:00:00,332.7773839,-26.1456020
2032-May-03 03:00:00, 23.6325831,-24.4761061
2032-May-03 04:00:00, 68.8148948, -7.6723708
2032-May-03 05:00:00,111.3712413, 13.7267719
2032-May-03 06:00:00,161.1992300, 27.1608590
2032-May-03 07:00:00,214.3625702, 21.7226790
2032-May-03 08:00:00,259.1275920,  2.3816985
2032-May-03 09:00:00,301.6111324,-17.9060517
2032-May-03 10:00:00,350.4413389,-27.6830689
2032-May-03 11:00:00, 40.1202948,-19.9004781
2032-May-03 12:00:00, 83.2984368, -0.1920470
2032-May-03 13:00:00,127.4762559, 19.9908487
2032-May-03 14:00:00,180.0947712, 27.5721309
2032-May-03 15:00:00,230.7977237, 15.9156609
2032-May-03 16:00:00,273.5119505, -5.1367115
2032-May-03 17:00:00,317.6850152,-23.0375348
2032-May-03 18:00:00,  8.2392855,-26.9561356
2032-May-03 19:00:00, 55.6424152,-13.8658802
2032-May-03 20:00:00, 97.8927094,  7.3618713
2032-May-03 21:00:00,144.8285455, 24.7193680
2032-May-03 22:00:00,198.6809702, 25.4626732
2032-May-03 23:00:00,246.1199423,  8.9983722
2032-May-04 00:00:00,288.1061648,-12.2704021
2032-May-04 01:00:00,334.7256214,-26.4310570
2032-May-04 02:00:00, 25.5251704,-24.0505775
2032-May-04 03:00:00, 70.4350405, -6.8524736
2032-May-04 04:00:00,113.0954027, 14.4838253
2032-May-04 05:00:00,163.2722084, 27.3354675
2032-May-04 06:00:00,216.2415732, 21.1515501
2032-May-04 07:00:00,260.7278659,  1.5352682
2032-May-04 08:00:00,303.3551323,-18.5579923
2032-May-04 09:00:00,352.4389745,-27.7177676
2032-May-04 10:00:00, 41.8968956,-19.2875711
2032-May-04 11:00:00, 84.9004154,  0.6580012
2032-May-04 12:00:00,129.3296615, 20.6064214
2032-May-04 13:00:00,182.1802841, 27.4616318
2032-May-04 14:00:00,232.5438930, 15.1886029
2032-May-04 15:00:00,275.1151555, -5.9654340
2032-May-04 16:00:00,319.5425460,-23.5168366
2032-May-04 17:00:00, 10.2082096,-26.7360607
2032-May-04 18:00:00, 57.3188644,-13.1194537
2032-May-04 19:00:00, 99.5363359,  8.1894810
2032-May-04 20:00:00,146.8185672, 25.1268251
2032-May-04 21:00:00,200.6798846, 25.0855213
2032-May-04 22:00:00,247.7641136,  8.1824310
2032-May-04 23:00:00,289.7645789,-13.0294461
2032-May-05 00:00:00,336.6841856,-26.6895541
2032-May-05 01:00:00, 27.4053003,-23.6009864
2032-May-05 02:00:00, 72.0493436, -6.0268073
2032-May-05 03:00:00,114.8313529, 15.2279393
2032-May-05 04:00:00,165.3514501, 27.4786011
2032-May-05 05:00:00,218.1056462, 20.5591872
2032-May-05 06:00:00,262.3263518,  0.6877949
2032-May-05 07:00:00,305.1116459,-19.1930570
2032-May-05 08:00:00,354.4366867,-27.7231144
2032-May-05 09:00:00, 43.6603308,-18.6570367
2032-May-05 10:00:00, 86.5044322,  1.5083632
2032-May-05 11:00:00,131.1997928, 21.2023871
2032-May-05 12:00:00,184.2609246, 27.3197039
2032-May-05 13:00:00,234.2759845, 14.4485936
2032-May-05 14:00:00,276.7215030, -6.7887605
2032-May-05 15:00:00,321.4129655,-23.9735322
2032-May-05 16:00:00, 12.1699468,-26.4881700
2032-May-05 17:00:00, 58.9860214,-12.3611920
2032-May-05 18:00:00,101.1872864,  9.0107874
2032-May-05 19:00:00,148.8210375, 25.5069204
2032-May-05 20:00:00,202.6647943, 24.6811513
2032-May-05 21:00:00,249.4009257,  7.3595676
2032-May-05 22:00:00,291.4335173,-13.7778321
2032-May-05 23:00:00,338.6513997,-26.9203546
2032-May-06 00:00:00, 29.2716796,-23.1283924
2032-May-06 01:00:00, 73.6586518, -5.1963166
2032-May-06 02:00:00,116.5803842, 15.9584777
2032-May-06 03:00:00,167.4363752, 27.5901435
2032-May-06 04:00:00,219.9547896, 19.9467537
2032-May-06 05:00:00,263.9233390, -0.1595725
2032-May-06 06:00:00,306.8804320,-19.8104039
2032-May-06 07:00:00,356.4335920,-27.6993285
2032-May-06 08:00:00, 45.4116027,-18.0094902
2032-May-06 09:00:00, 88.1115956,  2.3585933
2032-May-06 10:00:00,133.0859559, 21.7777496
2032-May-06 11:00:00,186.3343383, 27.1467530
2032-May-06 12:00:00,235.9944405, 13.6964730
2032-May-06 13:00:00,278.3322291, -7.6063250
2032-May-06 14:00:00,323.2965086,-24.4070846
2032-May-06 15:00:00, 14.1235523,-26.2128766
2032-May-06 16:00:00, 60.6439716,-11.5921245
2032-May-06 17:00:00,102.8459335,  9.8247110
2032-May-06 18:00:00,150.8355594, 25.8589713
2032-May-06 19:00:00,204.6360907, 24.2501953
2032-May-06 20:00:00,251.0317092,  6.5305005
2032-May-06 21:00:00,293.1130141,-14.5144664
2032-May-06 22:00:00,340.6252725,-27.1231284
2032-May-06 23:00:00, 31.1240434,-22.6337869
2032-May-07 00:00:00, 75.2643671, -4.3614458
2032-May-07 01:00:00,118.3435594, 16.6750493
2032-May-07 02:00:00,169.5257692, 27.6701869
2032-May-07 03:00:00,221.7886503, 19.3154581
2032-May-07 04:00:00,265.5190263, -1.0059894
2032-May-07 05:00:00,308.6616082,-20.4096296
2032-May-07 06:00:00,358.4294599,-27.6466748
2032-May-07 07:00:00, 47.1516115,-17.3453439
2032-May-07 08:00:00, 89.7221820,  3.2079930
2032-May-07 09:00:00,134.9870068, 22.3314340
2032-May-07 10:00:00,188.3991040, 26.9431431
2032-May-07 11:00:00,237.7003626, 12.9326926
2032-May-07 12:00:00,279.9485445, -8.4178227
2032-May-07 13:00:00,325.1929510,-24.8169072
2032-May-07 14:00:00, 16.0678642,-25.9106899
2032-May-07 15:00:00, 62.2929317,-10.8131725
2032-May-07 16:00:00,104.5130454, 10.6305343
2032-May-07 17:00:00,152.8622610, 26.1825862
2032-May-07 18:00:00,206.5941918, 23.7933674
2032-May-07 19:00:00,252.6569161,  5.6961837
2032-May-07 20:00:00,294.8025400,-15.2383665
2032-May-07 21:00:00,342.6045472,-27.2977794
2032-May-07 22:00:00, 32.9629383,-22.1177438
2032-May-07 23:00:00, 76.8677720, -3.5223428
2032-May-08 00:00:00,120.1213462, 17.3771741
2032-May-08 01:00:00,171.6178624, 27.7187119
2032-May-08 02:00:00,223.6067872, 18.6662108
2032-May-08 03:00:00,267.1138972, -1.8510584
2032-May-08 04:00:00,310.4558860,-20.9905029
2032-May-08 05:00:00,  0.4241747,-27.5651215
2032-May-08 06:00:00, 48.8804311,-16.6650679
2032-May-08 07:00:00, 91.3359105,  4.0555191
2032-May-08 08:00:00,136.9023436, 22.8624133
2032-May-08 09:00:00,190.4547465, 26.7090550
2032-May-08 10:00:00,239.3949771, 12.1575873
2032-May-08 11:00:00,281.5713501, -9.2227033
2032-May-08 12:00:00,327.1016238,-25.2022457
2032-May-08 13:00:00, 18.0017133,-25.5820958
2032-May-08 14:00:00, 63.9334269,-10.0250378
2032-May-08 15:00:00,106.1898230, 11.4277963
2032-May-08 16:00:00,154.9012830, 26.4773968
2032-May-08 17:00:00,208.5386578, 23.3114686
2032-May-08 18:00:00,254.2762729,  4.8577026
2032-May-08 19:00:00,296.5019557,-15.9487794
2032-May-08 20:00:00,344.5888088,-27.4441230
2032-May-08 21:00:00, 34.7889797,-21.5805481
2032-May-08 22:00:00, 78.4696447, -2.6793243
2032-May-08 23:00:00,121.9136921, 18.0639650
2032-May-09 00:00:00,173.7106739, 27.7354392
2032-May-09 01:00:00,225.4090836, 17.9996178
2032-May-09 02:00:00,268.7090046, -2.6945779
2032-May-09 03:00:00,312.2642652,-21.5524982
2032-May-09 04:00:00,  2.4168025,-27.4544160
2032-May-09 05:00:00, 50.5973672,-15.9695597
2032-May-09 06:00:00, 92.9528537,  4.9000154
2032-May-09 07:00:00,138.8322174, 23.3697505
2032-May-09 08:00:00,192.5011304, 26.4446663
2032-May-09 09:00:00,241.0792419, 11.3717978
2032-May-09 10:00:00,283.2011614,-10.0200133
2032-May-09 11:00:00,329.0215384,-25.5622558
2032-May-09 12:00:00, 19.9241884,-25.2276231
2032-May-09 13:00:00, 65.5664283, -9.2282911
2032-May-09 14:00:00,107.8776473, 12.2160557
2032-May-09 15:00:00,156.9519584, 26.7428863
2032-May-09 16:00:00,210.4681132, 22.8054742
2032-May-09 17:00:00,255.8896999,  4.0160599
2032-May-09 18:00:00,298.2118698,-16.6451021
2032-May-09 19:00:00,346.5778675,-27.5618436
2032-May-09 20:00:00, 36.6023593,-21.0226010
2032-May-09 21:00:00, 80.0703381, -1.8331660
2032-May-09 22:00:00,123.7203529, 18.7341699
2032-May-09 23:00:00,175.8024972, 27.7200426
2032-May-10 00:00:00,227.1961094, 17.3162045
2032-May-10 01:00:00,270.3058535, -3.5361742
2032-May-10 02:00:00,314.0872105,-22.0946418
2032-May-10 03:00:00,  4.4053260,-27.3145614
2032-May-10 04:00:00, 52.3019310,-15.2600465
2032-May-10 05:00:00, 94.5739199,  5.7405465
2032-May-10 06:00:00,140.7772515, 23.8526934
2032-May-10 07:00:00,194.5378716, 26.1504704
2032-May-10 08:00:00,242.7537152, 10.5764080
2032-May-10 09:00:00,284.8381703,-10.8086135
2032-May-10 10:00:00,330.9516792,-25.8962953
2032-May-10 11:00:00, 21.8349621,-24.8479250
2032-May-10 12:00:00, 67.1932642, -8.4234072
2032-May-10 13:00:00,109.5774963, 12.9947093
2032-May-10 14:00:00,159.0124413, 26.9784526
2032-May-10 15:00:00,212.3812353, 22.2764567
2032-May-10 16:00:00,257.4978703,  3.1719736
2032-May-10 17:00:00,299.9332921,-17.3268251
2032-May-10 18:00:00,348.5711973,-27.6506702
2032-May-10 19:00:00, 38.4028621,-20.4446352
2032-May-10 20:00:00, 81.6700876, -0.9849525
2032-May-10 21:00:00,125.5412632, 19.3865691
2032-May-10 22:00:00,177.8923021, 27.6724329
2032-May-10 23:00:00,228.9690607, 16.6165981
2032-May-11 00:00:00,271.9057475, -4.3751190
2032-May-11 01:00:00,315.9240790,-22.6158294
2032-May-11 02:00:00,  6.3876032,-27.1460330
2032-May-11 03:00:00, 53.9945655,-14.5375936
2032-May-11 04:00:00, 96.2005429,  6.5765900
2032-May-11 05:00:00,142.7377803, 24.3107441
2032-May-11 06:00:00,196.5641004, 25.8273146
2032-May-11 07:00:00,244.4186044,  9.7726437
2032-May-11 08:00:00,286.4824731,-11.5876093
2032-May-11 09:00:00,332.8914290,-26.2041059
2032-May-11 10:00:00, 23.7343388,-24.4436265
2032-May-11 11:00:00, 68.8150995, -7.6107798
2032-May-11 12:00:00,111.2894480, 13.7628698
2032-May-11 13:00:00,161.0804736, 27.1835708
2032-May-11 14:00:00,214.2776324, 21.7253070
2032-May-11 15:00:00,259.1020242,  2.3258203
2032-May-11 16:00:00,301.6671356,-17.9934730
2032-May-11 17:00:00,350.5677928,-27.7104507
2032-May-11 18:00:00, 40.1901247,-19.8475723
2032-May-11 19:00:00, 83.2692809, -0.1356836
2032-May-11 20:00:00,127.3767953, 20.0203027
2032-May-11 21:00:00,179.9797366, 27.5927849
2032-May-11 22:00:00,230.7291294, 15.9015739
2032-May-11 23:00:00,273.5091115, -5.2104141
2032-May-12 00:00:00,317.7736605,-23.1152178
2032-May-12 01:00:00,  8.3624149,-26.9494544
2032-May-12 02:00:00, 55.6764237,-13.8027733
2032-May-12 03:00:00, 97.8340331,  7.4079159
2032-May-12 04:00:00,144.7134747, 24.7434845
2032-May-12 05:00:00,198.5785275, 25.4760838
2032-May-12 06:00:00,246.0739927,  8.9614467
2032-May-12 07:00:00,288.1344546,-12.3565714
2032-May-12 08:00:00,334.8407941,-26.4855918
2032-May-12 09:00:00, 25.6227208,-24.0150953
2032-May-12 10:00:00, 70.4323156, -6.7909515
2032-May-12 11:00:00,113.0130181, 14.5194180
2032-May-12 12:00:00,163.1544635, 27.3577895
2032-May-12 13:00:00,216.1577818, 21.1525747
2032-May-12 14:00:00,260.7034803,  1.4778465
2032-May-12 15:00:00,303.4139473,-18.6444322
2032-May-12 16:00:00,352.5662788,-27.7410471
2032-May-12 17:00:00, 41.9638627,-19.2322767
2032-May-12 18:00:00, 84.8686360,  0.7139547
2032-May-12 19:00:00,129.2278021, 20.6348236
2032-May-12 20:00:00,182.0645600, 27.4813584
2032-May-12 21:00:00,232.4766854, 15.1720816
2032-May-12 22:00:00,275.1156780, -6.0410273
2032-May-12 23:00:00,319.6352198,-23.5922468
2032-May-13 00:00:00, 10.3294791,-26.7252029
2032-May-13 01:00:00, 57.3486649,-13.0558109
2032-May-13 02:00:00, 99.4751791,  8.2341901
2032-May-13 03:00:00,146.7033909, 25.1502561
2032-May-13 04:00:00,200.5797392, 25.0974094
2032-May-13 05:00:00,247.7202157,  8.1433440
2032-May-13 06:00:00,289.7950727,-13.1153136
2032-May-13 07:00:00,336.8000269,-26.7403825
2032-May-13 08:00:00, 27.4997465,-23.5625952
2032-May-13 09:00:00, 72.0445951, -5.9648646
2032-May-13 10:00:00,114.7480999, 15.2632099
2032-May-13 11:00:00,165.2337489, 27.5006322
2032-May-13 12:00:00,218.0224608, 20.5586752
2032-May-13 13:00:00,262.3032928,  0.6285476
2032-May-13 14:00:00,305.1738529,-19.2787933
2032-May-13 15:00:00,354.5650828,-27.7422925
2032-May-13 16:00:00, 43.7240709,-18.5994970
2032-May-13 17:00:00, 86.4692868,  1.5635069
2032-May-13 18:00:00,131.0952692, 21.2296127
2032-May-13 19:00:00,184.1457376, 27.3383932
2032-May-13 20:00:00,234.2112292, 14.4292509
2032-May-13 21:00:00,276.7253955, -6.8660906
2032-May-13 22:00:00,321.5088258,-24.0464101
2032-May-13 23:00:00, 12.2887502,-26.4734064
2032-May-14 00:00:00, 59.0119865,-12.2970386
2032-May-14 01:00:00,101.1242968,  9.0546349
2032-May-14 02:00:00,148.7062941, 25.5300682
2032-May-14 03:00:00,202.5666501, 24.6917174
2032-May-14 04:00:00,249.3581924,  7.3186624
2032-May-14 05:00:00,291.4657051,-13.8634406
2032-May-14 06:00:00,338.7687136,-26.9677271
2032-May-14 07:00:00, 29.3641096,-23.0867370
2032-May-14 08:00:00, 73.6518206, -5.1337036
2032-May-14 09:00:00,116.4954304, 15.9932562
2032-May-14 10:00:00,167.3180628, 27.6116885
2032-May-14 11:00:00,219.8722271, 19.9442998
2032-May-14 12:00:00,263.9021313, -0.2211337
2032-May-14 13:00:00,306.9466302,-19.8954629
2032-May-14 14:00:00,356.5627227,-27.7141462
2032-May-14 15:00:00, 45.4712439,-17.9499408
2032-May-14 16:00:00, 88.0726491,  2.4125879
2032-May-14 17:00:00,132.9796304, 21.8039488
2032-May-14 18:00:00,186.2211240, 27.1642048
2032-May-14 19:00:00,235.9323004, 13.6742343
2032-May-14 20:00:00,278.3389390, -7.6849622
2032-May-14 21:00:00,323.3948948,-24.4771531
2032-May-14 22:00:00, 14.2398316,-26.1942463
2032-May-14 23:00:00, 60.6666513,-11.5271944
2032-May-15 00:00:00,102.7815412,  9.8680869
2032-May-15 01:00:00,150.7210986, 25.8818907
2032-May-15 02:00:00,204.5389097, 24.2594721
2032-May-15 03:00:00,250.9893843,  6.4878302
2032-May-15 04:00:00,293.1474521,-14.6001126
2032-May-15 05:00:00,340.7452429,-27.1668953
2032-May-15 06:00:00, 31.2145057,-22.5885723
2032-May-15 07:00:00, 75.2547173, -4.2984702
2032-May-15 08:00:00,118.2562488, 16.7088446
2032-May-15 09:00:00,169.4068636, 27.6908279
2032-May-15 10:00:00,221.7072176, 19.3105644
2032-May-15 11:00:00,265.5003212, -1.0700315
2032-May-15 12:00:00,308.7319487,-20.4935269
2032-May-15 13:00:00,358.5582066,-27.6568377
2032-May-15 14:00:00, 47.2063793,-17.2842346
2032-May-15 15:00:00, 89.6799199,  3.2607624
2032-May-15 16:00:00,134.8802557, 22.3568633
2032-May-15 17:00:00,188.2883312, 26.9592625
2032-May-15 18:00:00,237.6402374, 12.9079326
2032-May-15 19:00:00,279.9574991, -8.4972209
2032-May-15 20:00:00,325.2936338,-24.8839318
2032-May-15 21:00:00, 16.1818929,-25.8881508
2032-May-15 22:00:00, 62.3127731,-10.7473024
2032-May-15 23:00:00,104.4472209, 10.6733996
2032-May-16 00:00:00,152.7472134, 26.2049986
2032-May-16 01:00:00,206.4969066, 23.8013006
2032-May-16 02:00:00,252.6152110,  5.6515319
2032-May-16 03:00:00,294.8404558,-15.3242191
2032-May-16 04:00:00,342.7275038,-27.3375617
2032-May-16 05:00:00, 33.0505847,-22.0691670
2032-May-16 06:00:00, 76.8546496, -3.4596964
2032-May-16 07:00:00,120.0316452, 17.4095279
2032-May-16 08:00:00,171.4989893, 27.7381904
2032-May-16 09:00:00,223.5271885, 18.6587266
2032-May-16 10:00:00,267.0980493, -1.9172076
2032-May-16 11:00:00,310.5297744,-21.0725045
2032-May-16 12:00:00,  0.5512233,-27.5707018
2032-May-16 13:00:00, 48.9304899,-16.6028221
2032-May-16 14:00:00, 91.2915092,  4.1073614
2032-May-16 15:00:00,136.7958999, 22.8872970
2032-May-16 16:00:00,190.3458164, 26.7240336
2032-May-16 17:00:00,239.3361022, 12.1308582
2032-May-16 18:00:00,281.5823034, -9.3025437
2032-May-16 19:00:00,327.2047922,-25.2661987
2032-May-16 20:00:00, 18.1138675,-25.5556995
2032-May-16 21:00:00, 63.9505712, -9.9583337
2032-May-16 22:00:00,106.1220174, 11.4697735
2032-May-16 23:00:00,154.7846095, 26.4990003
2032-May-17 00:00:00,208.4411996, 23.3179410
2032-May-17 01:00:00,254.2362926,  4.8107050
2032-May-17 02:00:00,296.5441590,-16.0347388
2032-May-17 03:00:00,344.7140254,-27.4796978
2032-May-17 04:00:00, 34.8728923,-21.5291911
2032-May-17 05:00:00, 78.4529601, -2.6175573
2032-May-17 06:00:00,121.8221319, 18.0948574
2032-May-17 07:00:00,173.5927070, 27.7538905
2032-May-17 08:00:00,225.3317634, 17.9897874
2032-May-17 09:00:00,268.6957321, -2.7621893
2032-May-17 10:00:00,312.3406672,-21.6321710
2032-May-17 11:00:00,  2.5417174,-27.4558281
2032-May-17 12:00:00, 50.6438616,-15.9061504
2032-May-17 13:00:00, 92.9071668,  4.9513829
2032-May-17 14:00:00,138.7257365, 23.3942480
2032-May-17 15:00:00,192.3930557, 26.4587952
2032-May-17 16:00:00,241.0211667, 11.3433302
2032-May-17 17:00:00,283.2142974,-10.1004348
2032-May-17 18:00:00,329.1276694,-25.6232838
2032-May-17 19:00:00, 20.0346675,-25.1974572
2032-May-17 20:00:00, 65.5805452, -9.1610210
2032-May-17 21:00:00,107.8070539, 12.2567202
2032-May-17 22:00:00,156.8333961, 26.7635903
2032-May-17 23:00:00,210.3716218, 22.8102147
2032-May-18 00:00:00,255.8524336,  3.9664248
2032-May-18 01:00:00,298.2582717,-16.7309025
2032-May-18 02:00:00,346.7042516,-27.5932165
2032-May-18 03:00:00, 36.6821590,-20.9689572
2032-May-18 04:00:00, 80.0505185, -1.7723002
2032-May-18 05:00:00,123.6276648, 18.7640400
2032-May-18 06:00:00,175.6860299, 27.7377883
2032-May-18 07:00:00,227.1208213, 17.3043949
2032-May-18 08:00:00,270.2943333, -3.6047842
2032-May-18 09:00:00,314.1655703,-22.1720852
2032-May-18 10:00:00,  4.5289638,-27.3120455
2032-May-18 11:00:00, 52.3459368,-15.1950446
2032-May-18 12:00:00, 94.5268560,  5.7916830
2032-May-18 13:00:00,140.6698206, 23.8767934
2032-May-18 14:00:00,194.4299880, 26.1637453
2032-May-18 15:00:00,242.6964785, 10.5458929
2032-May-18 16:00:00,284.8540395,-10.8900150
2032-May-18 17:00:00,331.0612230,-25.9544028
2032-May-18 18:00:00, 21.9434202,-24.8139848
2032-May-18 19:00:00, 67.2036177, -8.3559232
2032-May-18 20:00:00,109.5036978, 13.0338163
2032-May-18 21:00:00,158.8930079, 26.9983338
2032-May-18 22:00:00,212.2870050, 22.2790987
2032-May-18 23:00:00,257.4634813,  3.1197024
2032-May-19 00:00:00,299.9832624,-17.4120989
2032-May-19 01:00:00,348.6979708,-27.6778603
2032-May-19 02:00:00, 38.4787289,-20.3888154
2032-May-19 03:00:00, 81.6477322, -0.9246042
2032-May-19 04:00:00,125.4479480, 19.4158791
2032-May-19 05:00:00,177.7771832, 27.6896207
2032-May-19 06:00:00,228.8948777, 16.6030473
2032-May-19 07:00:00,271.8953209, -4.4446807
2032-May-19 08:00:00,316.0050184,-22.6913410
2032-May-19 09:00:00,  6.5111173,-27.1393634
2032-May-19 10:00:00, 54.0361858,-14.4706974
2032-May-19 11:00:00, 96.1513553,  6.6272825
2032-May-19 12:00:00,142.6286856, 24.3341490
2032-May-19 13:00:00,196.4563735, 25.8393398
2032-May-19 14:00:00,244.3626843,  9.7395472
2032-May-19 15:00:00,286.5017388,-11.6701481
2032-May-19 16:00:00,333.0043265,-26.2589038
2032-May-19 17:00:00, 23.8397800,-24.4059369
2032-May-19 18:00:00, 68.8210944, -7.5435056
2032-May-19 19:00:00,111.2130108, 13.8004851
2032-May-19 20:00:00,160.9616795, 27.2026882
2032-May-19 21:00:00,214.1860383, 21.7256891
2032-May-19 22:00:00,259.0699956,  2.2713013
2032-May-19 23:00:00,301.7200761,-18.0777859
2032-May-20 00:00:00,350.6946901,-27.7333778
2032-May-20 01:00:00, 40.2625060,-19.7894467
2032-May-20 02:00:00, 83.2448405, -0.0755261
2032-May-20 03:00:00,127.2828048, 20.0491144
2032-May-20 04:00:00,179.8650209, 27.6093021
2032-May-20 05:00:00,230.6550996, 15.8863281
2032-May-20 06:00:00,273.5000783, -5.2811961
2032-May-20 07:00:00,317.8584407,-23.1888274
2032-May-20 08:00:00,  8.4860158,-26.9382692
2032-May-20 09:00:00, 55.7149405,-13.7342262
2032-May-20 10:00:00, 97.7820508,  7.4575732
2032-May-20 11:00:00,144.6026558, 24.7657741
2032-May-20 12:00:00,198.4714967, 25.4864246
2032-May-20 13:00:00,246.0200546,  8.9255317
2032-May-20 14:00:00,288.1574539,-12.4398517
2032-May-20 15:00:00,334.9561843,-26.5364964
2032-May-20 16:00:00, 25.7240450,-23.9739759
2032-May-20 17:00:00, 70.4342190, -6.7241654
2032-May-20 18:00:00,112.9351811, 14.5558618
2032-May-20 19:00:00,163.0370496, 27.3761798
2032-May-20 20:00:00,216.0682462, 21.1509501
2032-May-20 21:00:00,260.6731618,  1.4216592
2032-May-20 22:00:00,303.4696170,-18.7274600
2032-May-20 23:00:00,352.6934339,-27.7596596
2032-May-21 00:00:00, 42.0332045,-19.1717846
2032-May-21 01:00:00, 84.8421983,  0.7738779
2032-May-21 02:00:00,129.1324585, 20.6628019
2032-May-21 03:00:00,181.9491137, 27.4970260
2032-May-21 04:00:00,232.4027762, 15.1549905
2032-May-21 05:00:00,275.1091709, -6.1133334
2032-May-21 06:00:00,319.7245350,-23.6636673
2032-May-21 07:00:00, 10.4523213,-26.7094711
2032-May-21 08:00:00, 57.3833177,-12.9862904
2032-May-21 09:00:00, 99.4202981,  8.2822719
2032-May-21 10:00:00,146.5914076, 25.1712764
2032-May-21 11:00:00,200.4742003, 25.1059743
2032-May-21 12:00:00,247.6686905,  8.1048744
2032-May-21 13:00:00,289.8214715,-13.1986019
2032-May-21 14:00:00,336.9166310,-26.7871213
2032-May-21 15:00:00, 27.5967345,-23.5185433
2032-May-21 16:00:00, 72.0435306, -5.8984151
2032-May-21 17:00:00,114.6697094, 15.2988405
2032-May-21 18:00:00,165.1173021, 27.5184364
2032-May-21 19:00:00,217.9340800, 20.5555065
2032-May-21 20:00:00,262.2743195,  0.5710320
2032-May-21 21:00:00,305.2324375,-19.3605346
2032-May-21 22:00:00,354.6928482,-27.7566636
2032-May-21 23:00:00, 43.7905937,-18.5367456
2032-May-22 00:00:00, 86.4404695,  1.6228573
2032-May-22 01:00:00,130.9976292, 21.2563564
2032-May-22 02:00:00,184.0292852, 27.3531181
2032-May-22 03:00:00,234.1384872, 14.4099686
2032-May-22 04:00:00,276.7223715, -6.9400393
2032-May-22 05:00:00,321.6023504,-24.1153114
2032-May-22 06:00:00, 12.4097104,-26.4534639
2032-May-22 07:00:00, 59.0425485,-12.2271415
2032-May-22 08:00:00,101.0669598,  9.1010828
2032-May-22 09:00:00,148.5939732, 25.5501067
2032-May-22 10:00:00,202.4631626, 24.6987424
2032-May-22 11:00:00,249.3088873,  7.2781643
2032-May-22 12:00:00,291.4946357,-13.9461995
2032-May-22 13:00:00,338.8858637,-27.0105212
2032-May-22 14:00:00, 29.4577380,-23.0399312
2032-May-22 15:00:00, 73.6487978, -5.0671326
2032-May-22 16:00:00,116.4163365, 16.0282815
2032-May-22 17:00:00,167.2016020, 27.6290642
2032-May-22 18:00:00,219.7843919, 19.9397728
2032-May-22 19:00:00,263.8745830, -0.2801568
2032-May-22 20:00:00,307.0086654,-19.9761690
2032-May-22 21:00:00,356.6913753,-27.7243214
2032-May-22 22:00:00, 45.5346885,-17.8851030
2032-May-22 23:00:00, 88.0407266,  2.4709423
2032-May-23 00:00:00,132.8792550, 21.8292864
2032-May-23 01:00:00,186.1047233, 27.1778969
2032-May-23 02:00:00,235.8618825, 13.6523695
2032-May-23 03:00:00,278.3395315, -7.7604279
2032-May-23 04:00:00,323.4917708,-24.5432955
2032-May-23 05:00:00, 14.3582244,-26.1704409
2032-May-23 06:00:00, 60.6934439,-11.4570444
2032-May-23 07:00:00,102.7223948,  9.9133230
2032-May-23 08:00:00,150.6090415, 25.9013827
2032-May-23 09:00:00,204.4373233, 24.2652200
2032-May-23 10:00:00,250.9414848,  6.4457134
2032-May-23 11:00:00,293.1782770,-14.6823155
2032-May-23 12:00:00,340.8635654,-27.2060448
2032-May-23 13:00:00, 31.3059593,-22.5387094
2032-May-23 14:00:00, 75.2498322, -4.2314702
2032-May-23 15:00:00,118.1756385, 16.7431735
2032-May-23 16:00:00,169.2896369, 27.7076818
2032-May-23 17:00:00,221.6198751, 19.3043584
2032-May-23 18:00:00,265.4746862, -1.1310529
2032-May-23 19:00:00,308.7980559,-20.5733008
2032-May-23 20:00:00,358.6875062,-27.6626367
2032-May-23 21:00:00, 47.2659598,-17.2175493
2032-May-23 22:00:00, 89.6443648,  3.3177639
2032-May-23 23:00:00,134.7778366, 22.3809230
2032-May-24 00:00:00,188.1734859, 26.9717315
2032-May-24 01:00:00,237.5724759, 12.8833461
2032-May-24 02:00:00,279.9612049, -8.5738294
2032-May-24 03:00:00,325.3931260,-24.9470840
2032-May-24 04:00:00, 16.2976120,-25.8605821
2032-May-24 05:00:00, 62.3363473,-10.6766457
2032-May-24 06:00:00,104.3867453, 10.7178766
2032-May-24 07:00:00,152.6353867, 26.2240995
2032-May-24 08:00:00,206.3963003, 23.8058649
2032-May-24 09:00:00,252.5678973,  5.6078909
2032-May-24 10:00:00,294.8735687,-15.4061693
2032-May-24 11:00:00,342.8482208,-27.3729845
2032-May-24 12:00:00, 33.1401125,-22.0159043
2032-May-24 13:00:00, 76.8472329, -3.3924697
2032-May-24 14:00:00,119.9487841, 17.4427391
2032-May-24 15:00:00,171.3809107, 27.7541448
2032-May-24 16:00:00,223.4408028, 18.6503110
2032-May-24 17:00:00,267.0749956, -1.9804980
2032-May-24 18:00:00,310.6001980,-21.1509627
2032-May-24 19:00:00,  0.6801630,-27.5718489
2032-May-24 20:00:00, 48.9853889,-16.5347105
2032-May-24 21:00:00, 91.2526526,  4.1629013
2032-May-24 22:00:00,136.6928222, 22.9103341
2032-May-24 23:00:00,190.2331968, 26.7351455
2032-May-25 00:00:00,239.2705004, 12.1038476
2032-May-25 01:00:00,281.5885240, -9.3797723
2032-May-25 02:00:00,327.3065932,-25.3261277
2032-May-25 03:00:00, 18.2271697,-25.5243140
2032-May-25 04:00:00, 63.9714044, -9.8869437
2032-May-25 05:00:00,106.0602605, 11.5135472
2032-May-25 06:00:00,154.6722301, 26.5174968
2032-May-25 07:00:00,208.3404672, 23.3212871
2032-May-25 08:00:00,254.1896093,  4.7653378
2032-May-25 09:00:00,296.5807681,-16.1166445
2032-May-25 10:00:00,344.8376377,-27.5110157
2032-May-25 11:00:00, 34.9597609,-21.4726385
2032-May-25 12:00:00, 78.4423081, -2.5507494
2032-May-25 13:00:00,121.7368786, 18.1264665
2032-May-25 14:00:00,173.4743278, 27.7686224
2032-May-25 15:00:00,225.2470421, 17.9789130
2032-May-25 16:00:00,268.6756923, -2.8274688
2032-May-25 17:00:00,312.4149070,-21.7085922
2032-May-25 18:00:00,  2.6689515,-27.4523466
2032-May-25 19:00:00, 50.6940728,-15.8370558
2032-May-25 20:00:00, 92.8661336,  5.0057114
2032-May-25 21:00:00,138.6228907, 23.4164769
2032-May-25 22:00:00,192.2822011, 26.4686997
2032-May-25 23:00:00,240.9569586, 11.3144517
2032-May-26 00:00:00,283.2227238,-10.1779019
2032-May-26 01:00:00,329.2318967,-25.6799064
2032-May-26 02:00:00, 20.1459307,-25.1622686
2032-May-26 03:00:00, 65.5988338, -9.0889544
2032-May-26 04:00:00,107.7435312, 12.2994453
2032-May-26 05:00:00,156.7193746, 26.7811725
2032-May-26 06:00:00,210.2704934, 22.8122378
2032-May-26 07:00:00,255.8074025,  3.9189753
2032-May-26 08:00:00,298.2993086,-16.8126759
2032-May-26 09:00:00,346.8301382,-27.6201692
2032-May-26 10:00:00, 36.7654260,-20.9096790
2032-May-26 11:00:00, 80.0364464, -1.7065309
2032-May-26 12:00:00,123.5404760, 18.7939172
2032-May-26 13:00:00,175.5682055, 27.7513480
2032-May-26 14:00:00,227.0382809, 17.2912551
2032-May-26 15:00:00,270.2771285, -3.6714017
2032-May-26 16:00:00,314.2425769,-22.2459526
2032-May-26 17:00:00,  4.6538576,-27.3043335
2032-May-26 18:00:00, 52.3924935,-15.1250209
2032-May-26 19:00:00, 94.4846063,  5.8452272
2032-May-26 20:00:00,140.5669918, 23.8983739
2032-May-26 21:00:00,194.3199133, 26.1727731
2032-May-26 22:00:00,242.6331525, 10.5154820
2032-May-26 23:00:00,284.8647883,-10.9677587
2032-May-27 00:00:00,331.1683022,-26.0078304
2032-May-27 01:00:00, 22.0528915,-24.7750909
2032-May-27 02:00:00, 67.2191107, -8.2834547
2032-May-27 03:00:00,109.4375944, 13.0750387
2032-May-27 04:00:00,158.7768747, 27.0148764
2032-May-27 05:00:00,212.1864669, 22.2795582
2032-May-27 06:00:00,257.4211770,  3.0698739
2032-May-27 07:00:00,300.0287518,-17.4934717
2032-May-27 08:00:00,348.8250137,-27.7004614
2032-May-27 09:00:00, 38.5579336,-20.3273823
2032-May-27 10:00:00, 81.6306057, -0.8600125
2032-May-27 11:00:00,125.3595407, 19.4443852
2032-May-27 12:00:00,177.6605689, 27.7023302
2032-May-27 13:00:00,228.8144006, 16.5880438
2032-May-27 14:00:00,271.8801759, -4.5120925
2032-May-27 15:00:00,316.0840680,-22.7626810
2032-May-27 16:00:00,  6.6343588,-27.1277299
2032-May-27 17:00:00, 54.0802474,-14.3993630
2032-May-27 18:00:00, 96.1079383,  6.6803208
2032-May-27 19:00:00,142.5249671, 24.3551283
2032-May-27 20:00:00,196.3463339, 25.8476000
2032-May-27 21:00:00,244.3002112,  9.7074001
2032-May-27 22:00:00,286.5153172,-11.7485389
2032-May-27 23:00:00,333.1147206,-26.3091918
2032-May-28 00:00:00, 23.9472306,-24.3633843
2032-May-28 01:00:00, 68.8331092, -7.4710018
2032-May-28 02:00:00,111.1437862, 13.8399169
2032-May-28 03:00:00,160.8442582, 27.2182621
2032-May-28 04:00:00,214.0874509, 21.7242265
2032-May-28 05:00:00,259.0307252,  2.2190500
2032-May-28 06:00:00,301.7694112,-18.1584195
2032-May-28 07:00:00,350.8220254,-27.7517095
2032-May-28 08:00:00, 40.3377778,-19.7260553
2032-May-28 09:00:00, 83.2252550, -0.0117734
2032-May-28 10:00:00,127.1937308, 20.0767494
2032-May-28 11:00:00,179.7495994, 27.6213902
2032-May-28 12:00:00,230.5758644, 15.8697609
2032-May-28 13:00:00,273.4862517, -5.3492899
2032-May-28 14:00:00,317.9399693,-23.2579546
2032-May-28 15:00:00,  8.6088167,-26.9225588
2032-May-28 16:00:00, 55.7567869,-13.6612278
2032-May-28 17:00:00, 97.7367708,  7.5099828
2032-May-28 18:00:00,144.4972413, 24.7859417
2032-May-28 19:00:00,198.3613703, 25.4935997
2032-May-28 20:00:00,245.9588712,  8.8911094
2032-May-28 21:00:00,288.1745406,-12.5191313
2032-May-28 22:00:00,335.0699295,-26.5833508
2032-May-28 23:00:00, 25.8285971,-23.9278047
2032-May-29 00:00:00, 70.4421045, -6.6520453
2032-May-29 01:00:00,112.8632376, 14.5935360
2032-May-29 02:00:00,162.9198710, 27.3908564
2032-May-29 03:00:00,215.9721769, 21.1473504
2032-May-29 04:00:00,260.6364910,  1.3673012
2032-May-29 05:00:00,303.5221525,-18.8069566
2032-May-29 06:00:00,352.8207262,-27.7736864
2032-May-29 07:00:00, 42.1049867,-19.1063131
2032-May-29 08:00:00, 84.8206428,  0.8371783
2032-May-29 09:00:00,129.0427628, 20.6897323
2032-May-29 10:00:00,181.8340563, 27.5084534
2032-May-29 11:00:00,232.3238002, 15.1369387
2032-May-29 12:00:00,275.0968020, -6.1823691
2032-May-29 13:00:00,319.8097958,-23.7306726
2032-May-29 14:00:00, 10.5750924,-26.6893082
2032-May-29 15:00:00, 57.4223318,-12.9117666
2032-May-29 16:00:00, 99.3724268,  8.3335281
2032-May-29 17:00:00,146.4841234, 25.1902323
2032-May-29 18:00:00,200.3644692, 25.1115951
2032-May-29 19:00:00,247.6094687,  8.0678377
2032-May-29 20:00:00,289.8424868,-13.2784827
2032-May-29 21:00:00,337.0329698,-26.8299896
2032-May-29 22:00:00, 27.6972776,-23.4690354
2032-May-29 23:00:00, 72.0473984, -5.8269800
2032-May-30 00:00:00,114.5962511, 15.3350576
2032-May-30 01:00:00,165.0012911, 27.5322376
2032-May-30 02:00:00,217.8400889, 20.5499531
2032-May-30 03:00:00,262.2395922,  0.5151243
2032-May-30 04:00:00,305.2878630,-19.4385482
2032-May-30 05:00:00,354.8201848,-27.7663141
2032-May-30 06:00:00, 43.8593520,-18.4690812
2032-May-30 07:00:00, 86.4170944,  1.6857437
2032-May-30 08:00:00,130.9067110, 21.2823099
2032-May-30 09:00:00,183.9134318, 27.3637210
2032-May-30 10:00:00,234.0595647, 14.3902984
2032-May-30 11:00:00,276.7125312, -7.0103411
2032-May-30 12:00:00,321.6921795,-24.1799241
2032-May-30 13:00:00, 12.5317406,-26.4287549
2032-May-30 14:00:00, 59.0779414,-12.1517240
2032-May-30 15:00:00,101.0162931,  9.1506067
2032-May-30 16:00:00,148.4852966, 25.5676169
2032-May-30 17:00:00,202.3546134, 24.7026259
2032-May-30 18:00:00,249.2521270,  7.2386908
2032-May-30 19:00:00,291.5193473,-14.0259660
2032-May-30 20:00:00,339.0034982,-27.0490710
2032-May-30 21:00:00, 29.5538806,-22.9875825
2032-May-30 22:00:00, 73.6496784, -4.9962960
2032-May-30 23:00:00,116.3423332, 16.0633873
2032-May-31 00:00:00,167.0864922, 27.6421086
2032-May-31 01:00:00,219.6915912, 19.9327379
2032-May-31 02:00:00,263.8413762, -0.3371979
2032-May-31 03:00:00,307.0670948,-20.0526188
2032-May-31 04:00:00,356.8190793,-27.7296342
2032-May-31 05:00:00, 45.6006932,-17.8153234
2032-May-31 06:00:00, 88.0152183,  2.5330977
2032-May-31 07:00:00,132.7861473, 21.8538450
2032-May-31 08:00:00,185.9875930, 27.1875731
2032-May-31 09:00:00,235.7839302, 13.6307586
2032-May-31 10:00:00,278.3332709, -7.8321263
2032-May-31 11:00:00,323.5859546,-24.6051625
2032-May-31 12:00:00, 14.4783813,-26.1415102
2032-May-31 13:00:00, 60.7248991,-11.3813968
2032-May-31 14:00:00,102.6693042,  9.9609391
2032-May-31 15:00:00,150.4997746, 25.9176447
2032-May-31 16:00:00,204.3305799, 24.2675663
2032-May-31 17:00:00,250.8871043,  6.4043369
2032-May-31 18:00:00,293.2058430,-14.7613473
2032-May-31 19:00:00,340.9816350,-27.2404441
2032-May-31 20:00:00, 31.3985278,-22.4837742
2032-May-31 21:00:00, 75.2488142, -4.1608152
2032-May-31 22:00:00,118.1010778, 16.7773878
2032-May-31 23:00:00,169.1744554, 27.7201673
2032-Jun-01 00:00:00,221.5275907, 19.2961358
