2034-Nov-01 00:00:00,336.5200567,-54.9991049
2034-Nov-01 01:00:00,334.9040394,-58.4891440
2034-Nov-01 02:00:00,332.9329989,-61.9535348
2034-Nov-01 03:00:00,330.4602633,-65.3818219
2034-Nov-01 04:00:00,327.2513891,-68.7569197
2034-Nov-01 05:00:00,322.9131213,-72.0492318
2034-Nov-01 06:00:00,316.7531287,-75.2038560
2034-Nov-01 07:00:00,307.5166880,-78.1111800
2034-Nov-01 08:00:00,293.0749977,-80.5408904
2034-Nov-01 09:00:00,271.2895551,-82.0432254
2034-Nov-01 10:00:00,245.0444696,-82.0725200
2034-Nov-01 11:00:00,222.9965502,-80.6151539
2034-Nov-01 12:00:00,208.3186359,-78.2101655
2034-Nov-01 13:00:00,198.9374447,-75.3159792
2034-Nov-01 14:00:00,192.6929716,-72.1691483
2034-Nov-01 15:00:00,188.3036068,-68.8821904
2034-Nov-01 16:00:00,185.0622334,-65.5113163
2034-Nov-01 17:00:00,182.5678322,-62.0867447
2034-Nov-01 18:00:00,180.5817596,-58.6258757
2034-Nov-01 19:00:00,178.9549640,-55.1393323
2034-Nov-01 20:00:00,177.5902077,-51.6339232
2034-Nov-01 21:00:00,176.4215940,-48.1141939
2034-Nov-01 22:00:00,175.4029599,-44.5832841
2034-Nov-01 23:00:00,174.5010118,-41.0434272
2034-Nov-02 00:00:00,173.6911085,-37.4962528
2034-Nov-02 01:00:00,172.9545796,-33.9429775
2034-Nov-02 02:00:00,172.2769686,-30.3845294
2034-Nov-02 03:00:00,171.6468484,-26.8216308
2034-Nov-02 04:00:00,171.0550023,-23.2548561
2034-Nov-02 05:00:00,170.4938437,-19.6846723
2034-Nov-02 06:00:00,169.9569951,-16.1114681
2034-Nov-02 07:00:00,169.4389742,-12.5355758
2034-Nov-02 08:00:00,168.9349543, -8.9572877
2034-Nov-02 09:00:00,168.4405736, -5.3768696
2034-Nov-02 10:00:00,167.9517799, -1.7945706
2034-Nov-02 11:00:00,167.4646948,  1.7893669
2034-Nov-02 12:00:00,166.9754907,  5.3746996
2034-Nov-02 13:00:00,166.4802710,  8.9611746
2034-Nov-02 14:00:00,165.9749453, 12.5485210
2034-Nov-02 15:00:00,165.4550914, 16.1364397
2034-Nov-02 16:00:00,164.9157945, 19.7245927
2034-Nov-02 17:00:00,164.3514496, 23.3125879
2034-Nov-02 18:00:00,163.7555105, 26.8999621
2034-Nov-02 19:00:00,163.1201600, 30.4861568
2034-Nov-02 20:00:00,162.4358643, 34.0704878
2034-Nov-02 21:00:00,161.6907559, 37.6521020
2034-Nov-02 22:00:00,160.8697581, 41.2299168
2034-Nov-02 23:00:00,159.9533109, 44.8025313
2034-Nov-03 00:00:00,158.9154692, 48.3680937
2034-Nov-03 01:00:00,157.7209807, 51.9240929
2034-Nov-03 02:00:00,156.3206527, 55.4670259
2034-Nov-03 03:00:00,154.6437412, 58.9918455
2034-Nov-03 04:00:00,152.5849457, 62.4909973
2034-Nov-03 05:00:00,149.9811925, 65.9526575
2034-Nov-03 06:00:00,146.5682187, 69.3573101
2034-Nov-03 07:00:00,141.8957844, 72.6706406
2034-Nov-03 08:00:00,135.1588067, 75.8277301
2034-Nov-03 09:00:00,124.8883551, 78.6961337
2034-Nov-03 10:00:00,108.6922369, 80.9948361
2034-Nov-03 11:00:00, 84.9274496, 82.2018984
2034-Nov-03 12:00:00, 58.6152500, 81.8185222
2034-Nov-03 13:00:00, 38.2951395, 80.0262840
2034-Nov-03 14:00:00, 25.1875969, 77.4132758
2034-Nov-03 15:00:00, 16.7965423, 74.3863893
2034-Nov-03 16:00:00, 11.1500597, 71.1440849
2034-Nov-03 17:00:00,  7.1347336, 67.7807047
2034-Nov-03 18:00:00,  4.1388814, 64.3440971
2034-Nov-03 19:00:00,  1.8130594, 60.8604604
2034-Nov-03 20:00:00,359.9472648, 57.3451638
2034-Nov-03 21:00:00,358.4090583, 53.8077678
2034-Nov-03 22:00:00,357.1112737, 50.2545204
2034-Nov-03 23:00:00,355.9943717, 46.6896797
2034-Nov-04 00:00:00,355.0163480, 43.1162537
2034-Nov-04 01:00:00,354.1467152, 39.5364347
2034-Nov-04 02:00:00,353.3627763, 35.9518655
2034-Nov-04 03:00:00,352.6472391, 32.3638081
2034-Nov-04 04:00:00,351.9866423, 28.7732537
2034-Nov-04 05:00:00,351.3702880, 25.1809978
2034-Nov-04 06:00:00,350.7894995, 21.5876910
2034-Nov-04 07:00:00,350.2370923, 17.9938760
2034-Nov-04 08:00:00,349.7069874, 14.4000139
2034-Nov-04 09:00:00,349.1939214, 10.8065041
2034-Nov-04 10:00:00,348.6932229,  7.2136999
2034-Nov-04 11:00:00,348.2006335,  3.6219200
2034-Nov-04 12:00:00,347.7121583,  0.0314595
2034-Nov-04 13:00:00,347.2239352, -3.5574018
2034-Nov-04 14:00:00,346.7321125, -7.1443907
2034-Nov-04 15:00:00,346.2327282,-10.7292325
2034-Nov-04 16:00:00,345.7215809,-14.3116422
2034-Nov-04 17:00:00,345.1940852,-17.8913145
2034-Nov-04 18:00:00,344.6451002,-21.4679119
2034-Nov-04 19:00:00,344.0687154,-25.0410503
2034-Nov-04 20:00:00,343.4579773,-28.6102800
2034-Nov-04 21:00:00,342.8045260,-32.1750606
2034-Nov-04 22:00:00,342.0981002,-35.7347265
2034-Nov-04 23:00:00,341.3258488,-39.2884391
2034-Nov-05 00:00:00,340.4713451,-42.8351181
2034-Nov-05 01:00:00,339.5131448,-46.3733393
2034-Nov-05 02:00:00,338.4226155,-49.9011815
2034-Nov-05 03:00:00,337.1605757,-53.4159858
2034-Nov-05 04:00:00,335.6719187,-56.9139675
2034-Nov-05 05:00:00,333.8766959,-60.3895631
2034-Nov-05 06:00:00,331.6547226,-63.8342787
2034-Nov-05 07:00:00,328.8178061,-67.2345535
2034-Nov-05 08:00:00,325.0573328,-70.5675428
2034-Nov-05 09:00:00,319.8416095,-73.7922238
2034-Nov-05 10:00:00,312.2152762,-76.8293913
2034-Nov-05 11:00:00,300.4715746,-79.5154470
2034-Nov-05 12:00:00,282.1641070,-81.5109638
2034-Nov-05 13:00:00,257.0443445,-82.2624345
2034-Nov-05 14:00:00,232.1587899,-81.4362276
2034-Nov-05 15:00:00,214.2296697,-79.3950555
2034-Nov-05 16:00:00,202.7474231,-76.6865228
2034-Nov-05 17:00:00,195.2745852,-73.6387344
2034-Nov-05 18:00:00,190.1497776,-70.4092960
2034-Nov-05 19:00:00,186.4457784,-67.0747087
2034-Nov-05 20:00:00,183.6457620,-63.6747351
2034-Nov-05 21:00:00,181.4490104,-60.2315869
2034-Nov-05 22:00:00,179.6717014,-56.7584799
2034-Nov-05 23:00:00,178.1961865,-53.2637039
2034-Nov-06 00:00:00,176.9440562,-49.7526918
2034-Nov-06 01:00:00,175.8611759,-46.2291375
2034-Nov-06 02:00:00,174.9090001,-42.6956311
2034-Nov-06 03:00:00,174.0593254,-39.1540387
2034-Nov-06 04:00:00,173.2910050,-35.6057364
2034-Nov-06 05:00:00,172.5878237,-32.0517614
2034-Nov-06 06:00:00,171.9370834,-28.4929118
2034-Nov-06 07:00:00,171.3286364,-24.9298143
2034-Nov-06 08:00:00,170.7542081,-21.3629717
2034-Nov-06 09:00:00,170.2069102,-17.7927971
2034-Nov-06 10:00:00,169.6808832,-14.2196385
2034-Nov-06 11:00:00,169.1710258,-10.6437980
2034-Nov-06 12:00:00,168.6727849, -7.0655464
2034-Nov-06 13:00:00,168.1819851, -3.4851348
2034-Nov-06 14:00:00,167.6946855,  0.0971950
2034-Nov-06 15:00:00,167.2070527,  3.6812020
2034-Nov-06 16:00:00,166.7152398,  7.2666374
2034-Nov-06 17:00:00,166.2152656, 10.8532364
2034-Nov-06 18:00:00,165.7028837, 14.4407093
2034-Nov-06 19:00:00,165.1734341, 18.0287310
2034-Nov-06 20:00:00,164.6216646, 21.6169289
2034-Nov-06 21:00:00,164.0415074, 25.2048677
2034-Nov-06 22:00:00,163.4257899, 28.7920292
2034-Nov-06 23:00:00,162.7658488, 32.3777859
2034-Nov-07 00:00:00,162.0510019, 35.9613648
2034-Nov-07 01:00:00,161.2678073, 39.5417951
2034-Nov-07 02:00:00,160.3989973, 43.1178348
2034-Nov-07 03:00:00,159.4219075, 46.6878598
2034-Nov-07 04:00:00,158.3060953, 50.2496956
2034-Nov-07 05:00:00,157.0096206, 53.8003520
2034-Nov-07 06:00:00,155.4730387, 57.3355891
2034-Nov-07 07:00:00,153.6093284, 60.8491790
2034-Nov-07 08:00:00,151.2862828, 64.3315863
2034-Nov-07 09:00:00,148.2942863, 67.7674774
2034-Nov-07 10:00:00,144.2845684, 71.1307123
2034-Nov-07 11:00:00,138.6466408, 74.3735509
2034-Nov-07 12:00:00,130.2690891, 77.4018679
2034-Nov-07 13:00:00,117.1820266, 80.0176266
2034-Nov-07 14:00:00, 96.8836069, 81.8144281
2034-Nov-07 15:00:00, 70.5679716, 82.2032150
2034-Nov-07 16:00:00, 46.7722147, 80.9993118
2034-Nov-07 17:00:00, 30.5498759, 78.7007411
2034-Nov-07 18:00:00, 20.2649575, 75.8306403
2034-Nov-07 19:00:00, 13.5204731, 72.6708504
2034-Nov-07 20:00:00,  8.8439863, 69.3541764
2034-Nov-07 21:00:00,  5.4286897, 65.9456952
2034-Nov-07 22:00:00,  2.8235200, 62.4798010
2034-Nov-07 23:00:00,  0.7638051, 58.9760583
2034-Nov-08 00:00:00,359.0862561, 55.4463261
2034-Nov-08 01:00:00,357.6854534, 51.8981887
2034-Nov-08 02:00:00,356.4905833, 48.3367209
2034-Nov-08 03:00:00,355.4524109, 44.7654529
2034-Nov-08 04:00:00,354.5356567, 41.1869232
2034-Nov-08 05:00:00,353.7143574, 37.6030124
2034-Nov-08 06:00:00,352.9689402, 34.0151498
2034-Nov-08 07:00:00,352.2843185, 30.4244482
2034-Nov-08 08:00:00,351.6486170, 26.8317928
2034-Nov-08 09:00:00,351.0522953, 23.2379017
2034-Nov-08 10:00:00,350.4875300, 19.6433693
2034-Nov-08 11:00:00,349.9477687, 16.0486960
2034-Nov-08 12:00:00,349.4273998, 12.4543116
2034-Nov-08 13:00:00,348.9215011,  8.8605921
2034-Nov-08 14:00:00,348.4256417,  5.2678731
2034-Nov-08 15:00:00,347.9357210,  1.6764606
2034-Nov-08 16:00:00,347.4478302, -1.9133593
2034-Nov-08 17:00:00,346.9581271, -5.5013126
2034-Nov-08 18:00:00,346.4627151, -9.0871285
2034-Nov-08 19:00:00,345.9575198,-12.6705320
2034-Nov-08 20:00:00,345.4381520,-16.2512338
2034-Nov-08 21:00:00,344.8997505,-19.8289204
2034-Nov-08 22:00:00,344.3367892,-23.4032407
2034-Nov-08 23:00:00,343.7428345,-26.9737895
2034-Nov-09 00:00:00,343.1102268,-30.5400853
2034-Nov-09 01:00:00,342.4296533,-34.1015409
2034-Nov-09 02:00:00,341.6895579,-37.6574209
2034-Nov-09 03:00:00,340.8753085,-41.2067838
2034-Nov-09 04:00:00,339.9679909,-44.7483954
2034-Nov-09 05:00:00,338.9426176,-48.2806018
2034-Nov-09 06:00:00,337.7653908,-51.8011345
2034-Nov-09 07:00:00,336.3893914,-55.3068000
2034-Nov-09 08:00:00,334.7475509,-58.7929691
2034-Nov-09 09:00:00,332.7407468,-62.2526956
2034-Nov-09 10:00:00,330.2167628,-65.6751217
2034-Nov-09 11:00:00,326.9313937,-69.0424199
2034-Nov-09 12:00:00,322.4733959,-72.3235416
2034-Nov-09 13:00:00,316.1163525,-75.4605467
2034-Nov-09 14:00:00,306.5443018,-78.3371163
2034-Nov-09 15:00:00,291.5612551,-80.7087114
2034-Nov-09 16:00:00,269.1940670,-82.1067735
2034-Nov-09 17:00:00,242.9857493,-82.0036274
2034-Nov-09 18:00:00,221.5493736,-80.4479565
2034-Nov-09 19:00:00,207.4053133,-77.9916355
2034-Nov-09 20:00:00,198.3478796,-75.0727960
2034-Nov-09 21:00:00,192.2914059,-71.9138899
2034-Nov-09 22:00:00,188.0153673,-68.6209179
2034-Nov-09 23:00:00,184.8458905,-65.2471514
2034-Nov-10 00:00:00,182.3993331,-61.8214001
2034-Nov-10 01:00:00,180.4464274,-58.3603374
2034-Nov-10 02:00:00,178.8434228,-54.8741845
2034-Nov-10 03:00:00,177.4962217,-51.3695140
2034-Nov-10 04:00:00,176.3408678,-47.8507244
2034-Nov-10 05:00:00,175.3324425,-44.3208596
2034-Nov-10 06:00:00,174.4384767,-40.7820879
2034-Nov-10 07:00:00,173.6348909,-37.2359927
2034-Nov-10 08:00:00,172.9034066,-33.6837570
2034-Nov-10 09:00:00,172.2298465,-30.1262836
2034-Nov-10 10:00:00,171.6029855,-26.5642759
2034-Nov-10 11:00:00,171.0137551,-22.9982933
2034-Nov-10 12:00:00,170.4546783,-19.4287914
2034-Nov-10 13:00:00,169.9194587,-15.8561499
2034-Nov-10 14:00:00,169.4026740,-12.2806946
2034-Nov-10 15:00:00,168.8995405, -8.7027134
2034-Nov-10 16:00:00,168.4057266, -5.1224696
2034-Nov-10 17:00:00,167.9171987, -1.5402123
2034-Nov-10 18:00:00,167.4300871,  2.0438141
2034-Nov-10 19:00:00,166.9405642,  5.6293614
2034-Nov-10 20:00:00,166.4447236,  9.2161696
2034-Nov-10 21:00:00,165.9384554, 12.8039579
2034-Nov-10 22:00:00,165.4173066, 16.3924153
2034-Nov-10 23:00:00,164.8763180, 19.9811896
2034-Nov-11 00:00:00,164.3098231, 23.5698732
2034-Nov-11 01:00:00,163.7111922, 27.1579860
2034-Nov-11 02:00:00,163.0724951, 30.7449517
2034-Nov-11 03:00:00,162.3840442, 34.3300668
2034-Nov-11 04:00:00,161.6337618, 37.9124565
2034-Nov-11 05:00:00,160.8062786, 41.4910116
2034-Nov-11 06:00:00,159.8816224, 45.0642975
2034-Nov-11 07:00:00,158.8332528, 48.6304151
2034-Nov-11 08:00:00,157.6250377, 52.1867860
2034-Nov-11 09:00:00,156.2064441, 55.7298074
2034-Nov-11 10:00:00,154.5046161, 59.2542758
2034-Nov-11 11:00:00,152.4107932, 62.7523796
2034-Nov-11 12:00:00,149.7559756, 66.2118479
2034-Nov-11 13:00:00,146.2652483, 69.6123366
2034-Nov-11 14:00:00,141.4683123, 72.9178832
2034-Nov-11 15:00:00,134.5214116, 76.0600386
2034-Nov-11 16:00:00,123.8870960, 78.8984007
2034-Nov-11 17:00:00,107.1174272, 81.1353821
2034-Nov-11 18:00:00, 82.8455615, 82.2320793
2034-Nov-11 19:00:00, 56.7427282, 81.7217412
2034-Nov-11 20:00:00, 37.0328642, 79.8436532
2034-Nov-11 21:00:00, 24.3862169, 77.1857363
2034-Nov-11 22:00:00, 16.2676809, 74.1353496
2034-Nov-11 23:00:00, 10.7808367, 70.8796265
2034-Nov-12 00:00:00,  6.8633694, 67.5078168
2034-Nov-12 01:00:00,  3.9306925, 64.0654544
2034-Nov-12 02:00:00,  1.6475952, 60.5776142
2034-Nov-12 03:00:00,359.8118511, 57.0590803
2034-Nov-12 04:00:00,358.2954798, 53.5190893
2034-Nov-12 05:00:00,357.0139924, 49.9637001
2034-Nov-12 06:00:00,355.9095250, 46.3970557
2034-Nov-12 07:00:00,354.9411601, 42.8220918
2034-Nov-12 08:00:00,354.0791381, 39.2409543
2034-Nov-12 09:00:00,353.3012622, 35.6552557
2034-Nov-12 10:00:00,352.5905925, 32.0662378
2034-Nov-12 11:00:00,351.9339203, 28.4748792
2034-Nov-12 12:00:00,351.3207318, 24.8819668
2034-Nov-12 13:00:00,350.7424860, 21.2881462
2034-Nov-12 14:00:00,350.1920992, 17.6939575
2034-Nov-12 15:00:00,349.6635671, 14.0998605
2034-Nov-12 16:00:00,349.1516814, 10.5062547
2034-Nov-12 17:00:00,348.6518102,  6.9134934
2034-Nov-12 18:00:00,348.1597217,  3.3218963
2034-Nov-12 19:00:00,347.6714372, -0.2682410
2034-Nov-12 20:00:00,347.1831005, -3.8566385
2034-Nov-12 21:00:00,346.6908568, -7.4430233
2034-Nov-12 22:00:00,346.1907309,-11.0271215
2034-Nov-12 23:00:00,345.6784978,-14.6086496
2034-Nov-13 00:00:00,345.1495366,-18.1873042
2034-Nov-13 01:00:00,344.5986556,-21.7627503
2034-Nov-13 02:00:00,344.0198751,-25.3346060
2034-Nov-13 03:00:00,343.4061482,-28.9024233
2034-Nov-13 04:00:00,342.7489886,-32.4656620
2034-Nov-13 05:00:00,342.0379642,-36.0236544
2034-Nov-13 06:00:00,341.2599896,-39.5755557
2034-Nov-13 07:00:00,340.3983126,-43.1202733
2034-Nov-13 08:00:00,339.4310281,-46.6563610
2034-Nov-13 09:00:00,338.3288368,-50.1818609
2034-Nov-13 10:00:00,337.0515663,-53.6940541
2034-Nov-13 11:00:00,335.5425925,-57.1890573
2034-Nov-13 12:00:00,333.7195608,-60.6611419
2034-Nov-13 13:00:00,331.4583159,-64.1015303
2034-Nov-13 14:00:00,328.5638129,-67.4961513
2034-Nov-13 15:00:00,324.7150475,-70.8211897
2034-Nov-13 16:00:00,319.3570072,-74.0336524
2034-Nov-13 17:00:00,311.4904747,-77.0500664
2034-Nov-13 18:00:00,299.3402517,-79.6973878
2034-Nov-13 19:00:00,280.4613838,-81.6188706
2034-Nov-13 20:00:00,255.0348602,-82.2545597
2034-Nov-13 21:00:00,230.5443126,-81.3175747
2034-Nov-13 22:00:00,213.1809489,-79.2102309
2034-Nov-13 23:00:00,202.0795962,-76.4686983
2034-Nov-14 00:00:00,194.8290603,-73.4042585
2034-Nov-14 01:00:00,189.8358002,-70.1658794
2034-Nov-14 02:00:00,186.2134919,-66.8261896
2034-Nov-14 03:00:00,183.4668041,-63.4231536
2034-Nov-14 04:00:00,181.3064308,-59.9780881
2034-Nov-14 05:00:00,179.5548720,-56.5037314
2034-Nov-14 06:00:00,178.0981520,-53.0081027
2034-Nov-14 07:00:00,176.8600911,-49.4964734
2034-Nov-14 08:00:00,175.7879631,-45.9724367
2034-Nov-14 09:00:00,174.8441435,-42.4385182
2034-Nov-14 10:00:00,174.0010493,-38.8965412
2034-Nov-14 11:00:00,173.2379622,-35.3478534
2034-Nov-14 12:00:00,172.5389697,-31.7934729
2034-Nov-14 13:00:00,171.8915916,-28.2341850
2034-Nov-14 14:00:00,171.2858390,-24.6706083
2034-Nov-14 15:00:00,170.7135541,-21.1032408
2034-Nov-14 16:00:00,170.1679352,-17.5324933
2034-Nov-14 17:00:00,169.6431865,-13.9587135
2034-Nov-14 18:00:00,169.1342534,-10.3822047
2034-Nov-14 19:00:00,168.6366148, -6.8032400
2034-Nov-14 20:00:00,168.1461165, -3.2220742
2034-Nov-14 21:00:00,167.6588285,  0.3610468
2034-Nov-14 22:00:00,167.1709189,  3.9458770
2034-Nov-14 23:00:00,166.6785335,  7.5321619
2034-Nov-15 00:00:00,166.1776738, 11.1196305
2034-Nov-15 01:00:00,165.6640656, 14.7079864
2034-Nov-15 02:00:00,165.1330086, 18.2968960
2034-Nov-15 03:00:00,164.5791941, 21.8859781
2034-Nov-15 04:00:00,163.9964781, 25.4747888
2034-Nov-15 05:00:00,163.3775850, 29.0627994
2034-Nov-15 06:00:00,162.7137127, 32.6493701
2034-Nov-15 07:00:00,161.9939903, 36.2337123
2034-Nov-15 08:00:00,161.2047158, 39.8148366
2034-Nov-15 09:00:00,160.3282575, 43.3914766
2034-Nov-15 10:00:00,159.3414313, 46.9619746
2034-Nov-15 11:00:00,158.2130351, 50.5241070
2034-Nov-15 12:00:00,156.8999880, 54.0748079
2034-Nov-15 13:00:00,155.3410769, 57.6097166
2034-Nov-15 14:00:00,153.4464372, 61.1224039
2034-Nov-15 15:00:00,151.0790939, 64.6029864
2034-Nov-15 16:00:00,148.0210527, 68.0354968
2034-Nov-15 17:00:00,143.9080849, 71.3925680
2034-Nov-15 18:00:00,138.1000488, 74.6239110
2034-Nov-15 19:00:00,129.4294416, 77.6297448
2034-Nov-15 20:00:00,115.8456221, 80.1994214
2034-Nov-15 21:00:00, 94.9064161, 81.9054131
2034-Nov-15 22:00:00, 68.4143866, 82.1612328
2034-Nov-15 23:00:00, 45.1633843, 80.8441625
2034-Nov-16 00:00:00, 29.5209314, 78.4815835
2034-Nov-16 01:00:00, 19.6011816, 75.5785467
2034-Nov-16 02:00:00, 13.0687904, 72.4006545
2034-Nov-16 03:00:00,  8.5192974, 69.0729765
2034-Nov-16 04:00:00,  5.1840570, 65.6571392
2034-Nov-16 05:00:00,  2.6319147, 62.1859171
2034-Nov-16 06:00:00,  0.6088520, 58.6780584
2034-Nov-16 07:00:00,358.9575521, 55.1449830
2034-Nov-16 08:00:00,357.5761066, 51.5940253
2034-Nov-16 09:00:00,356.3958587, 48.0301113
2034-Nov-16 10:00:00,355.3689500, 44.4566789
2034-Nov-16 11:00:00,354.4610098, 40.8762085
2034-Nov-16 12:00:00,353.6466921, 37.2905426
2034-Nov-16 13:00:00,352.9068538, 33.7010857
2034-Nov-16 14:00:00,352.2267140, 30.1089342
2034-Nov-16 15:00:00,351.5946183, 26.5149621
2034-Nov-16 16:00:00,351.0011881, 22.9198803
2034-Nov-16 17:00:00,350.4387196, 19.3242783
2034-Nov-16 18:00:00,349.9007488, 15.7286537
2034-Nov-16 19:00:00,349.3817293, 12.1334343
2034-Nov-16 20:00:00,348.8767855,  8.5389952
2034-Nov-16 21:00:00,348.3815191,  4.9456715
2034-Nov-16 22:00:00,347.8918491,  1.3537696
2034-Nov-16 23:00:00,347.4038756, -2.2364240
2034-Nov-17 00:00:00,346.9137550, -5.8246339
2034-Nov-17 01:00:00,346.4175792, -9.4105877
2034-Nov-17 02:00:00,345.9112508,-12.9940075
2034-Nov-17 03:00:00,345.3903452,-16.5746002
2034-Nov-17 04:00:00,344.8499510,-20.1520468
2034-Nov-17 05:00:00,344.2844731,-23.7259887
2034-Nov-17 06:00:00,343.6873853,-27.2960103
2034-Nov-17 07:00:00,343.0509036,-30.8616166
2034-Nov-17 08:00:00,342.3655475,-34.4222025
2034-Nov-17 09:00:00,341.6195335,-37.9770103
2034-Nov-17 10:00:00,340.7979160,-41.5250698
2034-Nov-17 11:00:00,339.8813418,-45.0651104
2034-Nov-17 12:00:00,338.8441945,-48.5954301
2034-Nov-17 13:00:00,337.6517550,-52.1136930
2034-Nov-17 14:00:00,336.2557147,-55.6166064
2034-Nov-17 15:00:00,334.5868400,-59.0993869
2034-Nov-17 16:00:00,332.5425060,-62.5548355
2034-Nov-17 17:00:00,329.9645858,-65.9716570
2034-Nov-17 18:00:00,326.5984264,-69.3312217
2034-Nov-17 19:00:00,322.0134723,-72.6009086
2034-Nov-17 20:00:00,315.4467187,-75.7194751
2034-Nov-17 21:00:00,305.5174128,-78.5633057
2034-Nov-17 22:00:00,289.9664726,-80.8726128
2034-Nov-17 23:00:00,267.0309809,-82.1605654
2034-Nov-18 00:00:00,240.9302868,-81.9233073
2034-Nov-18 01:00:00,220.1293144,-80.2720498
2034-Nov-18 02:00:00,206.5103118,-77.7666523
2034-Nov-18 03:00:00,197.7681693,-74.8243940
2034-Nov-18 04:00:00,191.8951276,-71.6541788
2034-Nov-18 05:00:00,187.7301452,-68.3557992
2034-Nov-18 06:00:00,184.6314352,-64.9797140
2034-Nov-18 07:00:00,182.2321537,-61.5533752
2034-Nov-18 08:00:00,180.3121322,-58.0927501
2034-Nov-18 09:00:00,178.7327858,-54.6076654
2034-Nov-18 10:00:00,177.4030885,-51.1044593
2034-Nov-18 11:00:00,176.2609887,-47.5873823
2034-Nov-18 12:00:00,175.2627930,-44.0593802
2034-Nov-18 13:00:00,174.3768464,-40.5225526
2034-Nov-18 14:00:00,173.5796250,-36.9784329
2034-Nov-18 15:00:00,172.8532392,-33.4281665
2034-Nov-18 16:00:00,172.1837891,-29.8726263
2034-Nov-18 17:00:00,171.5602510,-26.3124915
2034-Nov-18 18:00:00,170.9737042,-22.7483018
2034-Nov-18 19:00:00,170.4167816,-19.1804956
2034-Nov-18 20:00:00,169.8832685,-15.6094384
2034-Nov-18 21:00:00,169.3678028,-12.0354434
2034-Nov-18 22:00:00,168.8656449, -8.4587877
2034-Nov-18 23:00:00,168.3724940, -4.8797253
2034-Nov-19 00:00:00,167.8843362, -1.2984974
2034-Nov-19 01:00:00,167.3973120,  2.2846581
2034-Nov-19 02:00:00,166.9075942,  5.8694984
2034-Nov-19 03:00:00,166.4112683,  9.4557671
2034-Nov-19 04:00:00,165.9042061, 13.0431859
2034-Nov-19 05:00:00,165.3819253, 16.6314448
2034-Nov-19 06:00:00,164.8394239, 20.2201906
2034-Nov-19 07:00:00,164.2709763, 23.8090131
2034-Nov-19 08:00:00,163.6698718, 27.3974267
2034-Nov-19 09:00:00,163.0280701, 30.9848474
2034-Nov-19 10:00:00,162.3357342, 34.5705600
2034-Nov-19 11:00:00,161.5805808, 38.1536730
2034-Nov-19 12:00:00,160.7469546, 41.7330546
2034-Nov-19 13:00:00,159.8144779, 45.3072379
2034-Nov-19 14:00:00,158.7560235, 48.8742777
2034-Nov-19 15:00:00,157.5345874, 52.4315288
2034-Nov-19 16:00:00,156.0983030, 55.9752870
2034-Nov-19 17:00:00,154.3722030, 59.5001894
2034-Nov-19 18:00:00,152.2440480, 62.9981623
2034-Nov-19 19:00:00,149.5388449, 66.4564778
2034-Nov-19 20:00:00,145.9708357, 69.8539420
2034-Nov-19 21:00:00,141.0491734, 73.1528926
2034-Nov-19 22:00:00,133.8903385, 76.2812139
2034-Nov-19 23:00:00,122.8871341, 79.0902040
2034-Nov-20 00:00:00,105.5431497, 81.2652030
2034-Nov-20 01:00:00, 80.8013303, 82.2516942
2034-Nov-20 02:00:00, 54.9480917, 81.6184486
2034-Nov-20 03:00:00, 35.8297872, 79.6586668
2034-Nov-20 04:00:00, 23.6169139, 76.9572069
2034-Nov-20 05:00:00, 15.7546321, 73.8829277
2034-Nov-20 06:00:00, 10.4188371, 70.6125947
2034-Nov-20 07:00:00,  6.5946423, 67.2308033
2034-Nov-20 08:00:00,  3.7225952, 63.7809643
2034-Nov-20 09:00:00,  1.4807536, 60.2871201
2034-Nov-20 10:00:00,359.6741848, 56.7635196
2034-Nov-20 11:00:00,358.1791147, 53.2191066
2034-Nov-20 12:00:00,356.9135932, 49.6597741
2034-Nov-20 13:00:00,355.8213528, 46.0895685
2034-Nov-20 14:00:00,354.8625165, 42.5113693
2034-Nov-20 15:00:00,354.0080232, 38.9272899
2034-Nov-20 16:00:00,353.2361587, 35.3389251
2034-Nov-20 17:00:00,352.5303233, 31.7475081
2034-Nov-20 18:00:00,351.8775530, 28.1540137
2034-Nov-20 19:00:00,351.2675126, 24.5592289
2034-Nov-20 20:00:00,350.6917929, 20.9638004
2034-Nov-20 21:00:00,350.1434078, 17.3682700
2034-Nov-20 22:00:00,349.6164254, 13.7730989
2034-Nov-20 23:00:00,349.1056903, 10.1786874
2034-Nov-21 00:00:00,348.6066082,  6.5853888
2034-Nov-21 01:00:00,348.1149722,  2.9935213
2034-Nov-21 02:00:00,347.6268176, -0.5966205
2034-Nov-21 03:00:00,347.1382924, -4.1847592
2034-Nov-21 04:00:00,346.6455361, -7.7706258
2034-Nov-21 05:00:00,346.1445579,-11.3539508
2034-Nov-21 06:00:00,345.6311065,-14.9344545
2034-Nov-21 07:00:00,345.1005216,-18.5118374
2034-Nov-21 08:00:00,344.5475567,-22.0857676
2034-Nov-21 09:00:00,343.9661578,-25.6558661
2034-Nov-21 10:00:00,343.3491776,-29.2216867
2034-Nov-21 11:00:00,342.6879952,-32.7826892
2034-Nov-21 12:00:00,341.9719959,-36.3382037
2034-Nov-21 13:00:00,341.1878449,-39.8873788
2034-Nov-21 14:00:00,340.3184434,-43.4291090
2034-Nov-21 15:00:00,339.3413958,-46.9619260
2034-Nov-21 16:00:00,338.2266928,-50.4838348
2034-Nov-21 17:00:00,336.9331069,-53.9920557
2034-Nov-21 18:00:00,335.4023971,-57.4826051
2034-Nov-21 19:00:00,333.5496420,-60.9495853
2034-Nov-21 20:00:00,331.2464452,-64.3839236
2034-Nov-21 21:00:00,328.2904341,-67.7710117
2034-Nov-21 22:00:00,324.3473422,-71.0860017
2034-Nov-21 23:00:00,318.8372311,-74.2837857
2034-Nov-22 00:00:00,310.7144385,-77.2762912
2034-Nov-22 01:00:00,298.1346416,-79.8803589
2034-Nov-22 02:00:00,278.6756309,-81.7215160
2034-Nov-22 03:00:00,252.9980864,-82.2369344
2034-Nov-22 04:00:00,228.9573022,-81.1909206
2034-Nov-22 05:00:00,212.1624070,-79.0210406
2034-Nov-22 06:00:00,201.4330400,-76.2493123
2034-Nov-22 07:00:00,194.3982828,-73.1703340
2034-Nov-22 08:00:00,189.5326422,-69.9247569
2034-Nov-22 09:00:00,185.9896213,-66.5814921
2034-Nov-22 10:00:00,183.2947056,-63.1767699
2034-Nov-22 11:00:00,181.1696406,-59.7310381
2034-Nov-22 12:00:00,179.4430570,-56.2565682
2034-Nov-22 13:00:00,178.0045451,-52.7611120
2034-Nov-22 14:00:00,176.7800927,-49.2497788
2034-Nov-22 15:00:00,175.7183440,-45.7260589
2034-Nov-22 16:00:00,174.7825706,-42.1924105
2034-Nov-22 17:00:00,173.9457934,-38.6506106
2034-Nov-22 18:00:00,173.1877111,-35.1019750
2034-Nov-22 19:00:00,172.4927058,-31.5474991
2034-Nov-22 20:00:00,171.8485083,-27.9879520
2034-Nov-22 21:00:00,171.2452837,-24.4239410
2034-Nov-22 22:00:00,170.6749872,-20.8559565
2034-Nov-22 23:00:00,170.1308999,-17.2844044
2034-Nov-23 00:00:00,169.6072871,-13.7096299
2034-Nov-23 01:00:00,169.0991372,-10.1319359
2034-Nov-23 02:00:00,168.6019590, -6.5515970
2034-Nov-23 03:00:00,168.1116162, -2.9688709
2034-Nov-23 04:00:00,167.6241867,  0.6159916
2034-Nov-23 05:00:00,167.1358366,  4.2027383
2034-Nov-23 06:00:00,166.6427002,  7.7911066
2034-Nov-23 07:00:00,166.1407570, 11.3808160
2034-Nov-23 08:00:00,165.6256993, 14.9715582
2034-Nov-23 09:00:00,165.0927786, 18.5629870
2034-Nov-23 10:00:00,164.5366209, 22.1547057
2034-Nov-23 11:00:00,163.9509941, 25.7462511
2034-Nov-23 12:00:00,163.3285042, 29.3370726
2034-Nov-23 13:00:00,162.6601900, 32.9265045
2034-Nov-23 14:00:00,161.9349640, 36.5137273
2034-Nov-23 15:00:00,161.1388259, 40.0977129
2034-Nov-23 16:00:00,160.2537268, 43.6771458
2034-Nov-23 17:00:00,159.2558866, 47.2503046
2034-Nov-23 18:00:00,158.1132306, 50.8148806
2034-Nov-23 19:00:00,156.7813645, 54.3676901
2034-Nov-23 20:00:00,155.1970335, 57.9042013
2034-Nov-23 21:00:00,153.2670773, 61.4177220
2034-Nov-23 22:00:00,150.8489712, 64.8979352
2034-Nov-23 23:00:00,147.7149229, 68.3281066
2034-Nov-24 00:00:00,143.4825423, 71.6794013
2034-Nov-24 01:00:00,137.4767503, 74.8984863
2034-Nov-24 02:00:00,128.4643622, 77.8788156
2034-Nov-24 03:00:00,114.3054204, 80.3947669
2034-Nov-24 04:00:00, 92.6596421, 81.9951394
2034-Nov-24 05:00:00, 66.0487858, 82.1018516
2034-Nov-24 06:00:00, 43.4365787, 80.6634597
2034-Nov-24 07:00:00, 28.4209171, 78.2336942
2034-Nov-24 08:00:00, 18.8896507, 75.2962950
2034-Nov-24 09:00:00, 12.5831056, 72.0997452
2034-Nov-24 10:00:00,  8.1694876, 68.7610836
2034-Nov-24 11:00:00,  4.9203477, 65.3383427
2034-Nov-24 12:00:00,  2.4255128, 61.8625954
2034-Nov-24 13:00:00,  0.4422365, 58.3517237
2034-Nov-24 14:00:00,358.8195494, 54.8166747
2034-Nov-24 15:00:00,357.4592910, 51.2645084
2034-Nov-24 16:00:00,356.2951160, 47.6999829
2034-Nov-24 17:00:00,355.2806465, 44.1264276
2034-Nov-24 18:00:00,354.3824923, 40.5462495
2034-Nov-24 19:00:00,353.5759759, 36.9612387
2034-Nov-24 20:00:00,352.8424210, 33.3727610
2034-Nov-24 21:00:00,352.1673801, 29.7818820
2034-Nov-24 22:00:00,351.5394407, 26.1894506
2034-Nov-24 23:00:00,350.9494027, 22.5961565
2034-Nov-25 00:00:00,350.3896950, 19.0025696
2034-Nov-25 01:00:00,349.8539532, 15.4091701
2034-Nov-25 02:00:00,349.3367052, 11.8163691
2034-Nov-25 03:00:00,348.8331309,  8.2245256
2034-Nov-25 04:00:00,348.3388717,  4.6339593
2034-Nov-25 05:00:00,347.8498742,  1.0449612
2034-Nov-25 06:00:00,347.3622552, -2.5421970
2034-Nov-25 07:00:00,346.8721776, -6.1272546
2034-Nov-25 08:00:00,346.3757303, -9.7099536
2034-Nov-25 09:00:00,345.8688032,-13.2900301
2034-Nov-25 10:00:00,345.3469482,-16.8672045
2034-Nov-25 11:00:00,344.8052171,-20.4411704
2034-Nov-25 12:00:00,344.2379631,-24.0115808
2034-Nov-25 13:00:00,343.6385882,-27.5780307
2034-Nov-25 14:00:00,342.9992104,-31.1400335
2034-Nov-25 15:00:00,342.3102162,-34.6969899
2034-Nov-25 16:00:00,341.5596397,-38.2481447
2034-Nov-25 17:00:00,340.7322826,-41.7925248
2034-Nov-25 18:00:00,339.8084358,-45.3288492
2034-Nov-25 19:00:00,338.7619725,-48.8553940
2034-Nov-25 20:00:00,337.5574219,-52.3697838
2034-Nov-25 21:00:00,336.1453386,-55.8686584
2034-Nov-25 22:00:00,334.4547109,-59.3471185
2034-Nov-25 23:00:00,332.3800259,-62.7977659
2034-Nov-26 00:00:00,329.7582612,-66.2089501
2034-Nov-26 01:00:00,326.3260709,-69.5613772
2034-Nov-26 02:00:00,321.6367641,-72.8211096
2034-Nov-26 03:00:00,314.8967260,-75.9241160
2034-Nov-26 04:00:00,304.6716368,-78.7405949
2034-Nov-26 05:00:00,288.6562438,-80.9979828
2034-Nov-26 06:00:00,265.2857944,-82.1954740
2034-Nov-26 07:00:00,239.3156971,-81.8517603
2034-Nov-26 08:00:00,219.0246391,-80.1265287
2034-Nov-26 09:00:00,205.8103869,-77.5827552
2034-Nov-26 10:00:00,197.3100385,-74.6212239
2034-Nov-26 11:00:00,191.5782158,-71.4406371
2034-Nov-26 12:00:00,187.4992009,-68.1361379
2034-Nov-26 13:00:00,184.4555498,-64.7560730
2034-Nov-26 14:00:00,182.0932054,-61.3268738
2034-Nov-26 15:00:00,180.1989590,-57.8639788
2034-Nov-26 16:00:00,178.6381957,-54.3769240
2034-Nov-26 17:00:00,177.3222604,-50.8718792
2034-Nov-26 18:00:00,176.1905769,-47.3529945
2034-Nov-26 19:00:00,175.2004040,-43.8231537
2034-Nov-26 20:00:00,174.3207208,-40.2844184
2034-Nov-26 21:00:00,173.5284369,-36.7382993
2034-Nov-26 22:00:00,172.8059662,-33.1859284
2034-Nov-26 23:00:00,172.1396251,-29.6281726
2034-Nov-27 00:00:00,171.5185463,-26.0657096
2034-Nov-27 01:00:00,170.9339236,-22.4990811
2034-Nov-27 02:00:00,170.3784735,-18.9287305
2034-Nov-27 03:00:00,169.8460423,-15.3550300
2034-Nov-27 04:00:00,169.3313119,-11.7783013
2034-Nov-27 05:00:00,168.8295726, -8.1988314
2034-Nov-27 06:00:00,168.3365421, -4.6168852
2034-Nov-27 07:00:00,167.8482150, -1.0327162
2034-Nov-27 08:00:00,167.3607312,  2.5534246
2034-Nov-27 09:00:00,166.8702537,  6.1412803
2034-Nov-27 10:00:00,166.3728483,  9.7305799
2034-Nov-27 11:00:00,165.8643565, 13.3210291
2034-Nov-27 12:00:00,165.3402528, 16.9123013
2034-Nov-27 13:00:00,164.7954761, 20.5040254
2034-Nov-27 14:00:00,164.2242214, 24.0957716
2034-Nov-27 15:00:00,163.6196721, 27.6870335
2034-Nov-27 16:00:00,162.9736465, 31.2772033
2034-Nov-27 17:00:00,162.2761165, 34.8655389
2034-Nov-27 18:00:00,161.5145379, 38.4511176
2034-Nov-27 19:00:00,160.6728940, 42.0327693
2034-Nov-27 20:00:00,159.7302959, 45.6089787
2034-Nov-27 21:00:00,158.6588780, 49.1777367
2034-Nov-27 22:00:00,157.4205411, 52.7363089
2034-Nov-27 23:00:00,155.9617435, 56.2808608
2034-Nov-28 00:00:00,154.2048663, 59.8058280
2034-Nov-28 01:00:00,152.0333001, 63.3028071
2034-Nov-28 02:00:00,149.2645180, 66.7584969
2034-Nov-28 03:00:00,145.5991258, 70.1506336
2034-Nov-28 04:00:00,140.5204618, 73.4394074
2034-Nov-28 05:00:00,133.0953986, 76.5480561
2034-Nov-28 06:00:00,121.6325622, 79.3174047
2034-Nov-28 07:00:00,103.5962254, 81.4119696
2034-Nov-28 08:00:00, 78.3629074, 82.2622980
2034-Nov-28 09:00:00, 52.8932008, 81.4867643
2034-Nov-28 10:00:00, 34.4805863, 79.4376227
2034-Nov-28 11:00:00, 22.7616868, 76.6908279
2034-Nov-28 12:00:00, 15.1877884, 73.5933538
2034-Nov-28 13:00:00, 10.0215023, 70.3103126
2034-Nov-28 14:00:00,  6.3018992, 66.9211073
2034-Nov-28 15:00:00,  3.4978051, 63.4667673
2034-Nov-28 16:00:00,  1.3021721, 59.9701632
2034-Nov-28 17:00:00,359.5282551, 56.4449234
2034-Nov-28 18:00:00,358.0570041, 52.8996404
2034-Nov-28 19:00:00,356.8093226, 49.3399960
2034-Nov-28 20:00:00,355.7307374, 45.7699023
2034-Nov-28 21:00:00,354.7825410, 42.1921483
2034-Nov-28 22:00:00,353.9364582, 38.6087835
2034-Nov-28 23:00:00,353.1713169, 35.0213549
2034-Nov-29 00:00:00,352.4709000, 31.4310582
2034-Nov-29 01:00:00,351.8225190, 27.8388379
2034-Nov-29 02:00:00,351.2160396, 24.2454551
2034-Nov-29 03:00:00,350.6432015, 20.6515343
2034-Nov-29 04:00:00,350.0971290, 17.0575974
2034-Nov-29 05:00:00,349.5719728, 13.4640884
2034-Nov-29 06:00:00,349.0626386,  9.8713914
2034-Nov-29 07:00:00,348.5645758,  6.2798458
2034-Nov-29 08:00:00,348.0736082,  2.6897571
2034-Nov-29 09:00:00,347.5857894, -0.8985926
2034-Nov-29 10:00:00,347.0972753, -4.4849364
2034-Nov-29 11:00:00,346.6042033, -8.0690138
2034-Nov-29 12:00:00,346.1025701,-11.6505628
2034-Nov-29 13:00:00,345.5881005,-15.2293105
2034-Nov-29 14:00:00,345.0560973,-18.8049627
2034-Nov-29 15:00:00,344.5012612,-22.3771915
2034-Nov-29 16:00:00,343.9174657,-25.9456199
2034-Nov-29 17:00:00,343.2974646,-29.5098007
2034-Nov-29 18:00:00,342.6325032,-33.0691902
2034-Nov-29 19:00:00,341.9117847,-36.6231102
2034-Nov-29 20:00:00,341.1217234,-40.1706963
2034-Nov-29 21:00:00,340.2448703,-43.7108218
2034-Nov-29 22:00:00,339.2583313,-47.2419865
2034-Nov-29 23:00:00,338.1313719,-50.7621462
2034-Nov-30 00:00:00,336.8216807,-54.2684449
2034-Nov-30 01:00:00,335.2693462,-57.7567785
2034-Nov-30 02:00:00,333.3867793,-61.2210530
2034-Nov-30 03:00:00,331.0411463,-64.6518634
2034-Nov-30 04:00:00,328.0223522,-68.0340075
2034-Nov-30 05:00:00,323.9820463,-71.3415092
2034-Nov-30 06:00:00,318.3136311,-74.5269587
2034-Nov-30 07:00:00,309.9216512,-77.4972694
2034-Nov-30 08:00:00,296.8894908,-80.0582648
2034-Nov-30 09:00:00,276.8337654,-81.8167023
2034-Nov-30 10:00:00,250.9376249,-82.2091167
2034-Nov-30 11:00:00,227.3739038,-81.0540309
2034-Nov-30 12:00:00,211.1416254,-78.8212433
2034-Nov-30 13:00:00,200.7770263,-76.0177152
2034-Nov-30 14:00:00,193.9552724,-72.9220590
2034-Nov-30 15:00:00,189.2168838,-69.6670351
2034-Nov-30 16:00:00,185.7537263,-66.3180072
2034-Nov-30 17:00:00,183.1114548,-62.9095400
2034-Nov-30 18:00:00,181.0226085,-59.4612423
2034-Nov-30 19:00:00,179.3218538,-55.9849325
2034-Nov-30 20:00:00,177.9023173,-52.4881029
2034-Nov-30 21:00:00,176.6921519,-48.9757066
2034-Nov-30 22:00:00,175.6413788,-45.4511357
2034-Nov-30 23:00:00,174.7141757,-41.9167837
2034-Dec-01 00:00:00,173.8841769,-38.3743842
